id,SMILES,bp_K
0,C=C(C)[C@H]1CC=C(C)CC1,450.85
1,ClC(Cl)c1ccccc1,478.25
2,c1ccc(cc1)\C=C\c2ccccc2,580.25
3,ClC(Cl)(Cl)c1ccccc1,494.05
4,ClCC(Cl)(Cl)Cl,403.45
5,FCC(F)(F)F,299.75
6,FC(F)(F)C(Cl)(Cl)Cl,318.75
7,CC(=O)C(Cl)(Cl)Cl,422.25
8,CC(Cl)(Cl)Cl,347.25
9,FC(F)(F)C(Cl)Cl,301.07
10,CC(F)(F)F,320.45
11,FC(Cl)C(F)(F)C(F)(F)Cl,329.35
12,BrC(Br)C(Br)Br,516.75
13,ClC(Cl)C(Cl)Cl,419.25
14,FC(F)(Cl)C(F)(Cl)Cl,320.95
15,ClCC(Cl)Cl,387.25
16,C=C(Cl)Cl,304.85
17,CCOC(C)OCC,375.95
18,COC(C)OC,337.75
19,CCOCCOCCOCC,461.25
20,Clc1ccc(Cl)c(Cl)c1Cl,527.25
21,ClCC(Cl)CCl,431.25
22,Cc1cccc(C)c1C,449.37
23,Clc1ccc(Cl)c(Cl)c1,486.75
24,Cc1ccc(C)c(C)c1,442.14
25,CCC(O)CO,470.15
26,NCCN,390.25
27,BrCCBr,404.55
28,CC(Br)CBr,415.15
29,Clc1ccccc1Cl,453.35
30,ClCCCl,356.65
31,CC(Cl)CCl,369.65
32,CCc1ccccc1CC,457.25
33,COc1ccccc1OC,479.25
34,Cc1ccccc1C,417.75
35,Cc1cc(C)cc(C)c1,437.95
36,CC(O)CCO,480.75
37,Clc1cccc(Cl)c1,446.25
38,ClCCCCl,393.65
39,Cc1cccc(C)c1,412.35
40,O=C1OCCO1,521.25
41,C1COCO1,351.25
42,OCCCO,485.25
43,OCCCCO,502.75
44,Brc1ccc(Br)cc1,493.65
45,Clc1ccc(Cl)cc1,447.15
46,CCc1ccc(CC)cc1,456.95
47,Cc1ccc(C)cc1,411.55
48,OCCCCCCO,481.25
49,CC12CCC(CC1)C(C)(C)O2,449.25
50,ClCCBr,380.25
51,CC(C)CCBr,394.25
52,CCCCBr,374.55
53,CCCBr,344.25
54,CCCCO,390.85
55,CCCCN,351.25
56,Cc1ccccc1Cl,432.22
57,CCCCCl,351.75
58,Clc1cccc2ccccc12,601.25
59,CCCCCCCCCl,454.75
60,CCCCCCl,381.15
61,CCCCl,319.85
62,CCCCCCCCCCO,502.25
63,CCCCCCCCC=C,443.81
64,CCCCCCCCCCC=C,487.05
65,CC(F)(Cl)Cl,305.25
66,CCCCCC=C,366.85
67,CCCCCCS,427.25
68,C=CCCCC,336.65
69,COc1ccccc1C,445.25
70,COc1ccccc1[N+](=O)[O-],550.25
71,Cc1cccc2ccccc12,517.25
72,CCC[N+](=O)[O-],404.45
73,CCCCCCCC=C,420.15
74,CCCCCCCCCc1ccc(O)cc1,590.25
75,CCCCCS,399.85
76,CCCCCO,410.75
77,CC(O)COc1ccccc1,514.45
78,CC(O)c1ccccc1,477.25
79,CCCCCCCCCCCC=C,506.05
80,CCCCCCCCCC=C,465.95
81,NCCNCCO,313.25
82,CC(C)CC(C)(C)C,372.488
83,OCCSCCO,555.25
84,CC(C)(C)CO,387.25
85,CCC(C)(C)C,322.95
86,Cc1ccc(C)c(O)c1C,499.25
87,CC(C)C(C)C,331.15
88,Cc1cc(C)nc(C)c1,443.65
89,Nc1ccc(Cl)cc1Cl,518.25
90,Oc1ccc(Cl)cc1Cl,483.25
91,CC(C)C(=O)C(C)C,398.65
92,Cc1ccc(N)c(C)c1,487.25
93,Cc1ccc(O)c(C)c1,484.75
94,Oc1cc(Cl)ccc1Cl,484.25
95,Cc1cnc(C)cn1,429.25
96,Oc1c(Cl)cccc1Cl,493.25
97,COc1cccc(OC)c1O,534.25
98,CC(C)CC(=O)CC(C)C,442.65
99,Cc1cccc(C)n1,417.25
100,CC(C)(C)N,319.25
101,Nc1ccccn1,483.85
102,CCC(C)Br,364.45
103,CC(C)Br,333.25
104,Cc1ccccc1Br,454.95
105,CCC(C)O,372.75
106,CCCCOCCO,441.65
107,Nc1ccccc1Cl,482.05
108,OCCCl,403.25
109,Oc1ccccc1Cl,448.15
110,CC(C)Cl,308.95
111,Clc1ccccn1,443.25
112,N#Cc1ccccn1,497.75
113,CCOCCOC(C)=O,429.65
114,CCC(CC)CO,419.52
115,CCCCC(CC)CO,457.59
116,CCCCC(CC)COC(C)=O,472.25
117,CCc1ccccc1O,477.75
118,OC(=O)CF,441.25
119,CCCCCC(C)=O,424.75
120,CCCCC(C)=O,400.45
121,CC(O)C(O)=O,395.25
122,COc1cc(C)ccc1O,495.25
123,COc1ccccc1N,497.25
124,COc1ccccc1C=O,511.25
125,COCCO,397.35
126,COc1ccccc1O,478.25
127,CCC(C)CO,401.25
128,C=C(C)CC,304.45
129,CCCC(C)CO,421.25
130,CC(C)CN,342.25
131,CC(O)CC(C)(C)O,471.25
132,CCC(C)(C)O,375.65
133,CC=C(C)C,311.75
134,Cc1ccccc1N,473.55
135,CC1CCCCC1=O,438.35
136,CCCCCCC(C)C,416.45
137,CCCC(C)C,333.46
138,CC(C)C,284.95
139,CC(C)C#N,375.25
140,Cc1cnccn1,408.25
141,Cc1ccccn1,402.65
142,Oc1ccccc1[N+]([O-])=O,489.25
143,CC(C)[N+](=O)[O-],393.45
144,Cc1ccccc1[N+](=O)[O-],495.25
145,CCCCCCC(C)O,452.25
146,CCCCCCC(C)=O,448.25
147,CCCC(C)=O,375.51
148,OCCOc1ccccc1,518.45
149,OCCc1ccccc1,491.45
150,CC(C)O,355.55
151,C=CCN,326.75
152,C=CCO,370.15
153,C=CC#N,350.45
154,O=C1CCCN1,518.25
155,Cc1ccc(O)c(c1)C(C)(C)C,510.25
156,CCSC,340.25
157,CCCCCCCCCC(C)=O,504.75
158,CC(=O)C(C)(C)C,379.35
159,Cc1ccc(O)cc1C,498.25
160,Cc1cc(C)cc(O)c1,492.75
161,C=CCBr,344.55
162,Cc1cccc(Br)c1,456.95
163,Nc1cccc(Cl)c1,503.75
164,Oc1cccc(Cl)c1,487.25
165,CCc1cccc(O)c1,491.65
166,CCCCC(=O)CC,420.25
167,CCCC(O)CC,408.25
168,Cc1cccc(O)c1,475.45
169,C=CCN=C=S,425.25
170,CC(C)C=C,293.35
171,CC(C)C(C)O,387.25
172,CC(=O)C(C)C,367.58
173,Cc1cccc(N)c1,476.55
174,CC1CCCC(O)C1,437.25
175,CCC(C)CC,336.521
176,Cc1cccc(c1)[N+]([O-])=O,505.25
177,CCCCCC(O)CC,448.25
178,CCC(=O)CC,374.95
179,OCCCc1ccccc1,514.25
180,Cc1cccnc1,417.35
181,Cc1ccc(N(C)C)cc1,484.25
182,Oc1ccc(Br)cc1,511.25
183,CC(=O)c1ccc(Cl)cc1,510.25
184,Oc1ccc(Cl)cc1,493.25
185,Cc1ccc(Cl)cc1,435.65
186,CCc1ccc(O)cc1,491.15
187,CCCC(=O)CCC,417.25
188,COc1ccc(C=O)cc1,528.25
189,COc1ccc(O)cc1,526.25
190,CC(C)CC(C)O,406.25
191,CC(=O)CC(C)C,388.95
192,CC(=O)C=C(C)C,403.25
193,Cc1ccc(N)cc1,473.65
194,COc1ccc(C)cc1,448.75
195,Cc1ccc(O)cc1,475.15
196,Cc1ccncc1,418.25
197,Cc1ccc(cc1)[N+]([O-])=O,511.55
198,CCCCC(=O)CCCC,461.65
199,c1cc2c3c(cccc3c1)CC2,550.75
200,CC=O,294.05
201,CC=NO,388.25
202,COc1ccc(cc1)C(C)=O,527.25
203,CC(=O)O,391.15
204,CC(=O)OCC(C)C,389.75
205,CC(=O)OC1CCCCC1,446.25
206,CC(=O)OC(C)=O,412.75
207,CC(C)=O,329.33
208,CC#N,354.85
209,CC(=O)c1ccccc1,475.35
210,CC(C)=NO,406.25
211,CC(=O)Cl,324.25
212,CC(=O)CC(C)=O,411.25
213,C#C,357.95
214,CCCCOC(=O)CC(CC(=O)OCCCC)(OC(C)=O)C(=O)OCCCC,604.25
215,NC(=O)C=C,465.85
216,OC(=O)C=C,415.25
217,CC(=O)OCC=C,376.75
218,C=CCCl,318.25
219,SCC=C,340.25
220,CC(=C)C(=O)OCC=C,423.25
221,N,306.6
222,Nc1ccccc1,457.35
223,COc1ccccc1,428.75
224,c1ccc2cc3ccccc3cc2c1,614.55
225,O=Cc1ccccc1,451.95
226,c1ccccc1,353.33
227,N#Cc1ccccc1,463.95
228,O=C(c1ccccc1)c2ccccc2,579.15
229,O=C(Cl)c1ccccc1,474.25
230,CC(=O)OCc1ccccc1,486.25
231,OCc1ccccc1,478.55
232,O=C(OCc1ccccc1)c2ccccc2,594.55
233,ClCc1ccccc1,447.25
234,CCOCc1ccccc1,361.25
235,Oc1ccccc1C(=O)OCc2ccccc2,593.25
236,NCc1ccccc1,458.25
237,O=C1CCO1,334.25
238,c1ccc(-c2ccccc2)cc1,529.35
239,ClCCOCCCl,451.75
240,CCCCC(CC)COC(=O)c1ccccc1C(=O)OCC(CC)CCCC,657.25
241,Brc1ccccc1,429.45
242,ClCBr,341.25
243,CCBr,311.45
244,ClC(Cl)(Cl)Br,378.25
245,CCCC=O,348.05
246,CCCC,273.75
247,CCCCS,374.95
248,CCC(C)=O,352.84
249,CCCCOC(=O)c1ccccc1,523.25
250,CCCCOC(=O)CCC,439.25
251,CCCCOC=O,379.35
252,CCCCCCCCCCCCCCCCCC(=O)OCCCC,616.25
253,CCCCOC(=O)CC,418.25
254,CCCCC1CCCCC1,454.15
255,CCCC(=O)O,436.75
256,CCCC(=O)OC(=O)CCC,473.25
257,CCCC#N,390.75
258,CC1(C)C2CCC(C2)C1=C,434.25
259,O=C=O,351.714
260,S=C=S,319.45
261,CC1=CC[C@H](C(C)=C)CC1=O,504.25
262,ClC(Cl)(Cl)C=O,371.05
263,OC(=O)CCl,462.35
264,CC(=O)CCl,392.25
265,ClCC#N,399.75
266,Clc1ccccc1,404.85
267,ClC1CCCCC1,415.25
268,CCl,296.95
269,C1CC[C@H]2CCCC[C@H]2C1,428.75
270,CC(C)c1ccccc1,425.65
271,C1CCCCCC1,391.73
272,C1CCCCC1,353.95
273,O=C(O)C1CCCCC1,506.25
274,OC1CCCCC1,435.09
275,O=C1CCCCC1,428.85
276,C1=CCCCC1,356.25
277,NC1CCCCC1,407.75
278,C1CCCC1,322.45
279,OC1CCCC1,413.65
280,O=C1CCCC1,403.85
281,C1CC1,306.05
282,C[Si]1(C)O[Si](C)(C)O[Si](C)(C)O[Si](C)(C)O[Si](C)(C)O1,483.25
283,CCCCCCCCCC(=O)OC,497.25
284,CC(=O)CC(C)(C)O,441.15
285,C=CCNCC=C,384.25
286,c1ccc2c(c1)oc1ccccc12,560.25
287,c1ccc(COCc2ccccc2)cc1,571.25
288,BrCBr,370.25
289,CCCCOC(=O)CCCCCCCCC(=O)OCCCC,617.75
290,CCCCOCCCC,414.05
291,CCCCOC(=O)c1ccccc1C(=O)OCCCC,613.25
292,CCCCNCCCC,433.25
293,OC(=O)C(Cl)Cl,466.25
294,ClCCl,313
295,C1=CC2C3C=CC(C3)C2C1,445.25
296,OCCNCCO,542.05
297,CCOCC,307.85
298,CCOC(=O)CC(=O)OCC,473.25
299,CCOC(=O)c1ccccc1C(=O)OCC,568.25
300,CCOC(=O)CCC(=O)OCC,491.25
301,CCSCC,365.35
302,CCO[S](=O)(=O)OCC,482.75
303,CCNCC,328.75
304,CCOC(=O)OCC,399.25
305,CCSSCC,425.25
306,CCCCOCCOCCOC(C)=O,518.25
307,CCCCOCCOCCO,503.65
308,CCOCCOCCO,469.25
309,CCOCCOCCOC(C)=O,491.75
310,COCCOCCO,466.25
311,OCCOCCO,519.05
312,COCCOCCOC,435.25
313,CCCCCCOC(=O)c1ccccc1C(=O)OCCCCCC,483.25
314,CC(C)COC(=O)CCCCC(=O)OCC(C)C,553.25
315,CC(C)CCCCCCOC(=O)c1ccccc1C(=O)OCCCCCCC(C)C,525.25
316,CC(C)OC(C)C,341.75
317,CC(C)SC(C)C,395.25
318,CC(C)NC(C)C,357.25
319,COCCOC,356.25
320,COCOC,314.85
321,CNC,280.55
322,COC(=O)OC,363.75
323,CSSC,382.97
324,COC,298.07
325,COC(=O)CCCCC(=O)OC,388.25
326,CO[P](C)(=O)OC,454.25
327,COC(=O)c1ccccc1C(=O)OC,556.95
328,COC(=O)CCC(=O)OC,468.55
329,COS(=O)(=O)OC,461.25
330,CSC,310.25
331,CC(=O)N(C)C,438.25
332,CN(C)C(Cl)=O,440.25
333,CN(C)C#N,436.75
334,CN(C)CCO,407.35
335,CN(C)C=O,426.05
336,CS(C)=O,462.25
337,CCCCSCCCC,462.25
338,C1COCCO1,374.45
339,c1ccc(Oc2ccccc2)cc1,531.25
340,N(c1ccccc1)c2ccccc2,575.25
341,c1ccc(Cc2ccccc2)cc1,537.75
342,CCCOCCC,364.25
343,CCCNCCC,382.55
344,CCCCCCCCCCCCCCCCCCCCCC,642.25
345,CCCCCCCCCCCC,489.55
346,CCCCCCCCCCCC(=O)OC,540.25
347,CCCCCCCCCCCCO,532.25
348,CCCCCCCCCCCCCCCCCCCC,617.35
349,ClCC1CO1,391.15
350,CC,361.85
351,CCS,308.35
352,CCO,351.49
353,NCCO,443.55
354,C=C,377.05
355,CCOc1ccccc1,446.25
356,CCOCCO,408.95
357,CCOC=C,308.75
358,CCOC(=O)C(C)O,427.25
359,CCOC(=O)C(C)C,386.25
360,CCOC(C)=O,350.35
361,CCOC(=O)CC(C)=O,454.05
362,CCOC(=O)C=C,372.65
363,CCCCCC(=O)CC,440.75
364,CCOC(=O)c1ccccc1,348.75
365,CCCC(=O)OCC,394.25
366,CCOC(N)=O,458.25
367,CCCl,285.55
368,CCOC(=O)CCl,419.25
369,CCOC(Cl)=O,368.25
370,CCOC(=O)CC#N,478.25
371,CCCCCCCCCCCC(=O)OCC,544.25
372,CCOC=O,327.75
373,CCCCCCCCCCCCCCCC(=O)OCC,466.25
374,CCCCCC(=O)OCC,441.25
375,CCC(=O)C(C)C,386.75
376,CCO[N+](=O)[O-],360.45
377,CCOC(=O)C(=O)OCC,458.95
378,CCCCC(=O)OCC,418.25
379,CCOC(=O)Cc1ccccc1,501.25
380,CCOC(=O)CC,372.45
381,CCOC(=O)c1ccccc1O,508.25
382,CCOC(C)(C)C,345.85
383,CCSC#N,419.25
384,CCN,289.85
385,CCc1ccccc1,409.45
386,OCCC#N,494.25
387,CCCCOCCOC(C)=O,465.25
388,CCOCCOCC,394.65
389,CCCCCCOCCO,481.25
390,CC(C)OCCO,417.25
391,C1CO1,283.85
392,CC(Cl)Cl,330.65
393,COc1cc(CC=C)ccc1O,526.25
394,C=O,292.75
395,NC=O,483.75
396,O=CO,374.25
397,c1ccoc1,304.75
398,O=Cc1ccco1,434.95
399,O=C1CCCO1,477.25
400,OCC(O)CO,563.25
401,CC(=O)OCC(COC(C)=O)OC(C)=O,532.25
402,CCCC(=O)OCC(COC(=O)CCC)OC(=O)CCC,580.25
403,CC(=O)OCCOC(C)=O,464.25
404,CCCCCCC=O,426.05
405,CCCCCCC,371.63
406,CCCCCCC(O)=O,495.45
407,CCCCCCCO,449.05
408,ClC(Cl)(Cl)C(=O)C(Cl)(Cl)Cl,477.25
409,ClC(Cl)=C(Cl)C(Cl)=C(Cl)Cl,488.25
410,ClC1=C(Cl)C(Cl)(Cl)C(=C1Cl)Cl,512.25
411,ClC(Cl)=C(Cl)C(Cl)(Cl)Cl,482.75
412,CCCCCCCCCCCCCCCCO,607.25
413,C[Si](C)(C)O[Si](C)(C)C,372.25
414,CN(C)P(=O)(N(C)C)N(C)C,506.25
415,CCCCCC=O,402.85
416,CCCCCC,341.98
417,CCCCCCO,430.25
418,CCCCCCN,405.25
419,NN,386.8
420,S,333.58
421,[nH]1ccc2ccccc12,526.25
422,Ic1ccccc1,461.65
423,CI,315.75
424,CC(=O)OCCC(C)C,415.25
425,CCC(=O)OCCC(C)C,434.25
426,CC(C)CO,381.25
427,CC(C)COC=O,372.25
428,CC(C)COC(=O)C(C)C,421.85
429,CC(C)C(=O)O,428.25
430,CC(C)CCO,405.75
431,CC1=CC(=O)CC(C)(C)C1,488.57
432,C=CC(=C)C,307.317
433,CC(C)OC(C)=O,361.85
434,CCCCCCCCCCCCCCCC(=O)OC(C)C,433.25
435,CC(C)N,305.05
436,c1ccc2cnccc2c1,516.25
437,CC(C)CC(=O)O,449.75
438,CC(=O)CCC(=O)O,519.25
439,CC(C)[C@@H]1CC[C@@H](C)C[C@H]1O,485.25
440,CC(=C)C=O,341.65
441,C,434.75
442,CO,337.95
443,COC(=O)c1ccccc1O,497.25
444,COC(C)=O,329.95
445,COC(=O)CC(C)=O,444.95
446,C=CC(=O)OC,353.35
447,COC(=O)c1ccccc1,472.25
448,CCCC(=O)OC,376.05
449,COC(Cl)=O,344.25
450,COC=O,304.75
451,CCCCCCC(=O)OC,447.25
452,O=C(OC)CCCCC,423.25
453,CC(C)CCC(C)=O,417.25
454,COC(=O)C=C,353.35
455,CCCCCCCC(=O)OC,466.15
456,CCC(=O)OC,353.05
457,COC(C)(C)C,328.35
458,CSC#N,406.25
459,CCCCC(=O)OC,392.25
460,CC(=O)C=C,354.65
461,COC(=O)c1ccc(C)cc1,495.75
462,CN,279.65
463,CCCCC,309.31
464,CC1CCCCC1,374.15
465,CC1CCCC1,345.05
466,CC\C(C)=N\O,425.75
467,CNC=O,458.25
468,CSc1ccccc1,466.25
469,C1COCCN1,401.25
470,CC(C)=CCCC(=C)C=C,440.25
471,CCN(CC)C(C)=O,458.75
472,CCN(CC)c1ccccc1,489.55
473,CN(C)c1ccccc1,466.25
474,c1ccc2ccccc2c1,492.25
475,CCCCOC(C)=O,399.25
476,CCCCc1ccccc1,456.55
477,CCCCCCCCCC,447.35
478,CC(C)(C)C,282.75
479,CCNC(C)=O,478.25
480,CCCCCCCCCCCCCCCC,560.15
481,CCCCCC(=O)O,479.05
482,CCCCCCOC(C)=O,444.75
483,O=[N+]([O-])O,356.25
484,O=[N+]([O-])c1ccccc1,484.05
485,[O-][N+](=O)C1CCCCC1,478.75
486,CC[N+](=O)[O-],387.35
487,C[N+](=O)[O-],374.35
488,CN1CCCC1=O,475.25
489,CNC(C)=O,478.25
490,CNc1ccccc1,469.5
491,CCCCN(CCCC)N=O,508.25
492,CCN(CC)N=O,445.25
493,CC(C)N(N=O)C(C)C,467.75
494,CN(C)N=O,425.25
495,CCCCCCCCC,423.72
496,CCCCCCCCCO,486.55
497,Cc1ccccc1O,464.25
498,CCCCCCCCCCCCCCCCCCO,483.75
499,CCCCCCCCCCCCCCCCCC(O)=O,644.25
500,CCCCCCCC,398.87
501,CCCCCCCC(=O)O,512.25
502,CCCCCCCCO,467.95
503,C=CCCCCCC,394.45
504,CCCCCCCCOC(C)=O,484.25
505,C1CCOCC1,361.25
506,C1COC1,321.25
507,COc1ccc(N)cc1,516.25
508,CC1OC(C)OC(C)O1,397.75
509,Cc1ccc(Br)cc1,457.75
510,Cc1cc(O)ccc1Cl,508.25
511,Cc1ccc(C(C)C)cc1,450.35
512,ClC(Cl)C(Cl)(Cl)Cl,435.25
513,CCCCCCCCCCCCCCC,543.85
514,OCCCCCO,513.25
515,CCCCC=O,376.25
516,CCCCC#N,415.25
517,CCCCC(=O)O,460.25
518,C=CCCC,303.15
519,CCCCCOC(C)=O,422.45
520,CCCCCOC=O,404.25
521,CCCCCOC(=O)CC,442.25
522,Oc1ccccc1,455
523,CC(=O)Oc1ccccc1,469.25
524,O=C=Nc1ccccc1,441.25
525,N#CCc1ccccc1,506.75
526,NNc1ccccc1,516.75
527,ClP(Cl)Cl,349.35
528,C1CCNCC1,379.25
529,CC(C)(C)C(O)=O,437.05
530,O=P(Cl)(Cl)Cl,379.05
531,CCC=O,321.25
532,CCC,315.35
533,N#CCC#N,492.25
534,CCCO,370.45
535,C=CC,320.93
536,CCC(=O)O,414.35
537,CCC(=O)OC(=O)CC,443.25
538,CCC#N,370.45
539,CCC(Cl)=O,353.25
540,CCC(=O)c1ccccc1,491.25
541,CCCOC(C)=O,374.55
542,CCCOC(=O)c1ccccc1,504.25
543,CCCOC(=O)CCC,416.25
544,CCCOC=O,355.25
545,CCCO[N+](=O)[O-],383.25
546,CCCOC(=O)CC,397.25
547,CCCN,322.25
548,CCCc1ccccc1,432.45
549,CC1COC(=O)O1,514.85
550,CC(O)CO,460.85
551,COCC(C)O,393.25
552,COCC(C)OC(C)=O,419.25
553,CC#C,296.45
554,c1cnccn1,389.25
555,c1ccncc1,388.55
556,c1cc[nH]c1,402.95
557,C1CCNC1,359.81
558,c1ccc2ncccc2c1,510.95
559,O=Cc1ccccc1O,470.25
560,Oc1ccccc1C(=O)Oc2ccccc2,446.25
561,CCC(C)OC(C)=O,385.25
562,C=Cc1ccccc1,418.55
563,NCCCCN,431.75
564,O=S1(=O)CCCC1,558.25
565,O=[S]=O,283.25
566,O=S(=O)(Cl)Cl,342.55
567,CCC(C)(C)OC,359.55
568,CC(C)(C)O,355.55
569,CC(=O)OC(C)(C)C,368.35
570,CC(C)(C)Br,346.55
571,CC(C)(C)c1ccccc1,442.35
572,CC(C)(C)S,337.45
573,FC(Cl)(Cl)C(F)(Cl)Cl,366.05
574,ClC(Cl)=C(Cl)Cl,394.45
575,ClC(Cl)(Cl)Cl,349.95
576,FC(F)(F)C(F)(F)C(F)(F)C(F)(F)C(F)(F)C(F)(F)F,330.45
577,CCO[Si](OCC)(OCC)OCC,442.05
578,OCCOCCOCCOCCO,600.55
579,FC(F)(F)F,401.15
580,C1CCOC1,338.25
581,OCC1CCCO1,451.25
582,c1ccc2c(c1)CCCC2,480.85
583,C1CCSC1,394.37
584,C[Si](C)(C)C,299.85
585,CN(C)C(=O)N(C)C,449.75
586,O=[N+]([O-])C([N+](=O)[O-])([N+](=O)[O-])[N+](=O)[O-],399.25
587,CC(S)=O,361.25
588,O=S(Cl)Cl,349.25
589,c1ccsc1,357.25
590,Sc1ccccc1,442.35
591,CC(C)c1ccc(C)cc1O,506.25
592,Cc1ccccc1,383.85
593,C1CC[C@H]2CCCC[C@@H]2C1,428.75
594,BrC(Br)Br,422.45
595,CCCCO[P](=O)(OCCCC)OCCCC,562.25
596,CCCCN(CCCC)CCCC,480.25
597,O=C(O)C(Cl)(Cl)Cl,468.75
598,N#CC(Cl)(Cl)Cl,358.95
599,ClC=C(Cl)Cl,360.45
600,FC(Cl)(Cl)Cl,296.95
601,ClC(Cl)Cl,334.37
602,O=[N+]([O-])C(Cl)(Cl)Cl,385.25
603,CCCCCCCCCCCCCO,425.25
604,OCCN(CCO)CCO,623.25
605,CCOC(=O)CC(O)(CC(=O)OCC)C(=O)OCC,567.25
606,CCOP(=O)(OCC)OCC,488.75
607,CCN(CC)CC,362.05
608,OCCOCCOCCO,558.25
609,O=C(O)C(F)(F)F,345.65
610,FC(F)(F)c1ccccc1,376.71
611,COP(=O)(OC)OC,470.45
612,CN(C)C,276.12
613,CCCN(CCC)CCC,429.25
614,CCCCCCCCCCC,469.15
615,CCCCCCCCCCCO,516.25
616,C=COC(C)=O,346.05
617,CCCCOC=C,367.25
618,ClC=C,287.05
619,C=CC#C,278.35
620,O,373.224
621,CC(=C)c1ccccc1,438.65
622,CC1=CCC2CC1C2(C)C,429.25
623,CC1(C)C2CCC(=C)C1C2,439.25
624,CC1CCC(=O)O1,481.25
625,OCCCCCCCC,467.95
626,OCC(CC1)CCC1C,348.25
627,Clc1ccc(cc1)N(=O)=O,515.25
628,Nc1ccc(cc1)N(=O)=O,605.25
629,Oc1ccc(cc1)N(=O)=O,552.25
630,COc1ccc(C(C)=O)cc1,527.25
631,CC(C)c1ccc(C(C)C)cc1,483.55
632,ClC(=O)c1ccc(C(Cl)=O)cc1,532.25
633,O=N(=O)c1ccc(cc1)N(=O)=O,570.25
634,OCCN(CC)CC,436.25
635,C=Cc1ccncc1,338.25
636,O=CC1CC=CCC1,378.25
637,SCc1ccccc1,468.25
638,N#Cc1cccnc1,480.15
639,ON=C1CCCCC1,483.25
640,C=Cc1ccccn1,432.75
641,CCN1CCOCC1,412.25
642,O=NN1CCCCC1,492.25
643,Cc1cc(C=C)ccc1,443.25
644,CC(C)C[Al](CC(C)C)CC(C)C,359.25
645,CCCCCON(=O)=O,423.25
646,ClP(Cl)(Cl)=O,379.05
647,O=C1CSCC1,448.25
648,O=C1SCCC1,470.25
649,O=Cc1[nH]ccc1,491.25
650,CCOc1ccc(C=O)cc1,523.25
651,CCCCCCC1CC(CO1)OC(C)=O,549.25
652,ClCC=CCl,381.25
653,ClCC=C(C)Cl,404.25
654,CCCCC(=O)c1ccccc1,518.25
655,CCCC(OC(C)(C)Cc1ccccc1)=O,528.25
656,CC(C(O)=O)Oc(ccc1)cc1Cl,373.25
657,COC(=O)Cc1ccccc1,488.25
658,COC(OC)Cc1ccccc1,494.25
659,Nc1ccc(Nc2ccccc2)cc1,627.25
660,O=C=Nc(cc1)ccc1Cc1ccc(cc1)N=C=O,469.25
661,Nc1ccc(Oc(cc2)ccc2N)cc1,573.25
662,C(c1ccccc1)c1ccccc1,537.75
663,C(CC1)CCC1NC1CCCCC1,529.05
664,O(c1ccccc1)c1ccccc1,531.25
665,Cc1ccc(OC(=O)Cc2ccccc2)cc1,583.25
666,CCOC(=O)Nc1ccccc1,511.25
667,CC(C)Nc(n1)nc(SC)nc1NC,612.25
668,CSCC=C,366.25
669,O=C(Cc1ccccc1)Cc1ccccc1,604.25
670,O=C(Nc1ccccc1)Nc1ccccc1,533.25
671,O=C(Oc1ccccc1)Oc1ccccc1,579.25
672,CC(C)COC(=O)Cc1ccccc1,520.25
673,O=C(OCc1ccccc1)Cc1ccccc1,593.25
674,CCNc(ccc1)cc1C,494.25
675,COc(ccc1N)cc1C,521.75
676,C=CCN(CC=C)CC=C,428.75
677,CC(OCC(COC(C)=O)OC(C)=O)=O,532.25
678,BrC(Br)(C#N)C(=O)N,463.25
679,BrB(Br)Br,364.55
680,ClB(Cl)Cl,285.75
681,CCCCC(CC)COC(=O)C=C,491.25
682,CCCCC(CC)COC(CCCCC(OCC(CC)CCCC)=O)=O,487.25
683,COC(CCc1ccccc1)=O,365.25
684,CC(C)C(OCc1ccccc1)=O,503.25
685,CCCC(OCc1ccccc1)=O,513.25
686,CC(C)CC(OCc1ccccc1)=O,389.25
687,CC(OCCc1ccccc1)=O,512.25
688,CC(C)C(OCCc1ccccc1)=O,503.25
689,O(Cc1ccccc1)Cc1ccccc1,571.25
690,CC(C)C(OCCOc1ccccc1)=O,400.25
691,CCNc1ccccc1,477.75
692,O=CNc1ccccc1,544.25
693,OCCc1ccccn1,463.25
694,CC(=O)Cc1ccccc1,487.25
695,OC(=O)Cc1ccccc1,488.25
696,CC(=O)Nc1ccccc1,577.25
697,COc1ccc(CC(O)=O)cc1,413.25
698,O=CCc(cc1)ccc1C,495.25
699,Clc1ccc(cc1)N=C=O,477.25
700,Cc1ccc(cc1)S(O)(=O)=O,413.25
701,COc1ccc(CCC(C)=O)cc1,426.25
702,COc1ccc(COC(C)=O)cc1,410.25
703,CCCc(cc1)ccc1OC,486.25
704,CCCCC1OC(CC1)=O,507.25
705,O=CCCc1ccccc1,371.25
706,O=COCc1ccccc1,476.25
707,CCCCCC1OC(CC1)=O,407.25
708,O=COCCc1ccccc1,499.25
709,CCCCCCCCCCc1ccccc1,571.25
710,CCCCC(CO)CC,457.59
711,ClCc(cc1)ccc1C,475.25
712,ClCc(cc1)ccc1Cl,496.25
713,Cc1ccc(C=O)cc1,477.25
714,CCc(cn1)ccc1C,451.05
715,COc(cc1)ccc1C,448.75
716,COc(cc1)ccc1N,516.25
717,CCC(O)(C)CCc1ccccc1,385.75
718,CCCCCCCCCCCCC=O,409.25
719,CC(C)COC(CCc1occc1)=O,378.25
720,OCC1CCC(CO)CC1,559.25
721,COc1ccc(CO)cc1,533.25
722,CCOC(CBr)=O,441.75
723,CCOC(CC)=O,372.45
724,CCOC(CCl)=O,419.25
725,CCOC(=O)NC,443.25
726,CCC(C)CC(N)C,405.75
727,CCC(C)CC(O)=O,471.25
728,COC(CC(C)=O)=O,444.95
729,CCOC(CC(OCC)=O)=O,473.25
730,CCOC(CCC)=O,394.25
731,CCOC(CC#N)=O,478.25
732,CCOC(OCC)=O,399.25
733,OCCN(C)CCO,518.25
734,O=C1NCCCCC1,543.25
735,CCCOC(CCC)=O,416.25
736,Cc(ccc1O)cc1C,484.75
737,CC(C)CCOC(CC)=O,434.25
738,O=C1OCCOC(CCCCCCCCCCC1)=O,415.25
739,OCCCCCc1ccccc1,428.25
740,ClSCl,332.25
741,CCN(C)N=O,436.25
742,CC(=O)c1cc(C)oc1C,335.25
743,O=C1CCCCCCCCCCCCCCO1,410.25
744,CCCCCCCCCCCC(OCCCC)=O,453.25
745,OCCC(C)CCC=C(C)C,497.25
746,CC(C)CCOC(CCC)=O,452.25
747,CCCCCCC(OCC)=O,462.25
748,CCCC(OC(CCC)=O)=O,473.25
749,CCCCCCCC(OCC)=O,481.25
750,CCCCCCCCCCCC(OCC)=O,544.25
751,CCCCC(CC)=O,420.25
752,CCCOC(CC)=O,397.25
753,Nc1ccc(Br)cc1,492.95
754,Oc1ccc(C)cc1,475.15
755,Cc1ccc(S)cc1,468.25
756,Nc1ccc(Cl)cc1,505.25
757,Nc1ccc(C)cc1,473.65
758,Nc1ccc(N)cc1,540.25
759,CC(C)COC(=O)C=C,405.25
760,COC(CCC(OC)=O)=O,468.55
761,CCCCCC(CC)=O,440.75
762,CCCCCC(OC)=O,423.25
763,CCCCCCC(OC)=O,447.25
764,CCOCCOC(=O)C=C,447.25
765,C1OC1C1CC2OC2CC1,500.25
766,CCC1OC1,336.65
767,ClCC1OC1,391.15
768,C=CC(OCC1OC1)=O,330.25
769,CC(=C)C(OCC1OC1)=O,462.25
770,C=CCOCC1OC1,427.15
771,BrCC=C,344.55
772,BrCC#C,362.25
773,C=CC=C,277.75
774,O=CC=C,325.55
775,CCCS,341.05
776,ClCC=C,318.25
777,NCCC,322.25
778,NCC=C,326.75
779,N#CC=C,350.45
780,OCC#N,456.25
781,OCC=C,370.15
782,OCC#C,388.25
783,ClCC=O,358.75
784,OCCO,470.55
785,O=CC=O,324.25
786,COC=C,279.25
787,ON=CC,388.25
788,COCCl,332.75
789,CC(C)(C)CC(C)=C,374.65
790,CC(C)(C)C=C(C)C,378.15
791,OC(C)CC(O)(C)C,471.25
792,COC(C)(C)CC(C)=O,436.25
793,OC(C)(C)CCCC(C)CC=O,514.25
794,BrCCC(C)C,394.25
795,NCCC(C)C,370.25
796,CC(C)=CC=O,407.25
797,OCCC(O)C,480.75
798,OC(C)CC=O,356.25
799,CCCC(O)=O,436.75
800,ClCCC(O)=O,473.25
801,SCCC(O)=O,384.25
802,COCC(O)C,393.25
803,OCCN1CC1,441.25
804,CCOP(Cl)(OCC)=S,322.25
805,Sc1ccsc1C,460.25
806,CC(=O)c1cc(C)sc1C,498.25
807,CC(C)CCC(OCC)=O,436.25
808,C(CC1)CCC1SSC1CCCCC1,436.25
809,COc1nccnc1CC,363.25
810,COc1nccnc1C(C)C,398.25
811,c(ccc1cc2ccccc2n2)cc21,618.75
812,CC1(C)C(C1C(OCc1cc(Oc2ccccc2)ccc1)=O)C=C(C)C,563.25
813,C=CC1=CCCCC1,418.25
814,CCCCCCOC(CCC)=O,479.25
815,CCOP(OCC)(SCN1N=Nc2ccccc2C1=O)=S,384.25
816,OCC(O)COC(C)=O,404.25
817,FC(F)OC(Cl)C(F)(F)F,321.75
818,COc1cc(Cl)c(OC)cc1Cl,541.25
819,CCOC(C)CC,354.25
820,Nc1cccc(C)c1N,528.25
821,O=N(=O)N1CN(CN(CN(C1)N(=O)=O)N(=O)=O)N(=O)=O,553.25
822,OCCCCCC(C)C,461.25
823,ClN=O,278.75
824,FS(F)(=O)=O,328.63
825,C=CCOC(CCC1CCCCC1)=O,364.25
826,c1cc2ccoc2cc1,447.25
827,CCCCCCCC(CCc(ccc1O)cc1OC)=O,681.25
828,CCCCCCCCCC1OC(CCC1)=O,408.25
829,CC(C)CCCCCOC(=O)c1ccccc1C(OCCCCCC(C)C)=O,643.25
830,CCCCCCCCCCCCCCC=O,559.25
831,CN(C)C(=S)N(C)C,518.25
832,CCCc(ccc1O)cc1OC,399.25
833,CCc(ccc1O)cc1OC,509.25
834,COC(C(O)C)=O,418.25
835,C(C1)N2CCN1CC2,447.25
836,OCCOCCC,425.25
837,Oc1c(C)c(C)c(C)c(C)c1C,540.25
838,C(CC1)CCC1Cc1cnccn1,373.25
839,CCCCCCCCC(OC(C)C)=O,505.25
840,FC(Cl)C(F)(F)F,285.25
841,FCOC(C(F)(F)F)C(F)(F)F,331.45
842,CC(C)CCCCCCOC(=O)c1ccccc1C(OCCCCCCC(C)C)=O,525.25
843,Cc(oc1C)cc1SSc1cc(C)oc1C,384.25
844,Cc1occc1S,333.25
845,Cc1occc1SSc1ccoc1C,553.25
846,C1CC2OC2CC1,403.25
847,CC1OC(=O)C(O)=C1C,368.25
848,CN(C)CCOC(=O)C(C)=C,459.25
849,C1CCC1,286.33
850,n1c[nH]cc1,530.25
851,n1cscc1,391.25
852,n1c[nH]cn1,533.25
853,COc(cnc1)nc1C,444.25
854,COc(cn1)ncc1C,441.25
855,S1CSSSCS1,560.25
856,ClC(OCC=C)=O,382.75
857,C1CCCCCCCCCCC1,520.25
858,CC(C)c1cnccn1,343.25
859,CC(CCC1C(C)=C)CC1=O,375.25
860,COP(OC)(Oc1ccc(cc1)N(=O)=O)=S,427.25
861,CCSCSP(OCC)(OCC)=S,351.25
862,CCCCC(CC)COP(O)(OCC(CC)CCCC)=O,428.25
863,COP(OC)(Oc(cc1Cl)c(Cl)cc1Cl)=S,370.25
864,CC(=O)C1=NCCS1,496.25
865,CC1CCCC(=O)C1=O,345.25
866,ClC(Cl)C#N,385.75
867,OC(O)C(Cl)(Cl)Cl,369.25
868,CCc1nc(C)oc1C,423.25
869,CCCSSCC,453.25
870,CC(C)C(O)(C)C(C)C,351.25
871,ClC(Cl)C(F)(F)F,301.07
872,CCC(O)C(C)=O,380.25
873,COc1cnccn1,334.25
874,CCSSSC,475.25
875,CC1OCCC1=O,412.25
876,CCOCCl,356.25
877,CCCCC(=O)c1occc1,374.25
878,CCc1occc1,366.25
879,C(CCC1CCCc2ccccc2)O1,380.25
880,BrC(Br)C#N,442.25
881,FC(F)(F)C(=O)CC(=O)c1sccc1,371.25
882,CSCCC=O,335.25
883,CCc(cnc1CC)nc1C,368.25
884,CCOC(C1CCCCC1)=O,355.25
885,OC(C)CCC1=C(C)CCCC1(C)C,507.25
886,CCc1nccnc1C(C)=O,494.25
887,Clc1ccc(cc1Cl)NC(=O)N(C)C,463.25
888,CCCCC(CC)COC(=O)c1cc(C(OCC(CC)CCCC)=O)ccc1C(OCC(CC)CCCC)=O,687.25
889,CCCCCCCCCC(O)=O,541.95
890,CCC(C)Nc1c(cc(C(C)(C)C)cc1N(=O)=O)N(=O)=O,419.25
891,CCCCCC(O)C=C,358.25
892,CSCCC(C)=O,380.25
893,CSSSCC=C,320.25
894,OCCC(C)(C)S,459.25
895,C(CCc1nc2)Cc1nc2,384.25
896,CC(CCC1CC2)=CC1=CC2=O,579.25
897,SCCC(C)=O,333.25
898,SCCCCCCCCCS,389.25
899,CC(=O)c1cccnc1,503.25
900,Fc1ccc(cc1)N(=O)=O,480.25
901,SCCc1cnccn1,383.25
902,FC(F)=O,357.82
903,FC(F)(Cl)Br,276.95
904,ClC(Cl)C(F)(Cl)Cl,389.25
905,FC(Cl)C(F)(F)Cl,302.75
906,FC(F)C(F)(F)Cl,284.95
907,FC(F)C(F)(F)F,321.35
908,FC(F)(F)C(F)(F)C(F)(F)C(F)(F)F,275.35
909,C=CCOC(Cn1ccnc1)c1ccc(Cl)cc1Cl,620.25
910,COCCc1ccccc1,460.25
911,CC(CCc1ccc(OC(C)=O)cc1)=O,397.25
912,Cc1ncsc1C,432.25
913,FC=C(F)F,324.25
914,CCSSSCC,490.25
915,CC(CCCCCCCC=C)=O,528.25
916,Cc(ncc1C2)nc1CS2,554.25
917,CCCCCCCOC(=O)c1ccccc1C(OCCCCCCC)=O,633.25
918,CC1OC(C)=C(O)C1=O,489.25
919,c(cn1)ccc1c1ccccn1,546.75
920,OCCCCCCCCCCCCCCCC,607.25
921,Fc1ccc(N)cc1,461.25
922,FCCO,376.75
923,Cc1cc(C)oc1,367.25
924,CCN(O)CC,403.25
925,OC(CC#N)=O,381.25
926,FC(F)(F)C(F)(Cl)Cl,276.65
927,FC(F)(F)C(F)(F)C(F)(F)C(F)(F)C(F)(F)C(F)(F)C(O)=O,448.25
928,CCCCCc1occc1,339.25
929,CCCCCCCc1occc1,483.25
930,Cc1oc2ccccc2c1C,375.25
931,CC(=O)c1sc(C)nc1C,503.25
932,CC(CCC1C(C)(C)S)CC1=O,335.25
933,CCCC(=O)C(C)=O,401.25
934,CCCCCCC(CO)CCCC,422.25
935,ClC(=O)c1ccccc1F,479.25
936,CCn1cccc1C(C)=O,484.25
937,O=CCCCCCCCC=C,484.25
938,OCC(C)CCCC(C)=C,335.25
939,CC(CCc1ccccc1)C=O,526.25
940,COC(=C(C)OC1C)C1=O,495.25
941,CCCCCCCC1CC(C)OC1=O,443.25
942,CCCSP(OCC)(Oc1ccc(Br)cc1Cl)=O,373.25
943,CCC1OC(CC)CC1,389.25
944,CC(=O)OC(=C(C)OC1C)C1=O,516.25
945,Cc1sc(C)cn1,425.25
946,Cc1cccc2c1n1cnnc1s2,548.25
947,N#CN,413.25
948,S1CC1,330.25
949,FC(F)(F)C,320.45
950,C=CCOC(=O)c1occc1,482.25
951,CCCC(=O)c1occc1,468.25
952,ClC(Cl)C(F)(F)C(F)(F)F,324.35
953,CCCc1occc1,388.25
954,CCC1=C(O)C(CC1C)=O,534.25
955,CC(C)SSC(C)C,450.25
956,CSCCCC=O,388.25
957,CC(=O)C(C)=O,360.75
958,FC(F)(F)C(F)C(F)(F)F,289.59
959,CCCCCC(=O)C=C,333.25
960,CC1(CC=C(C)CC1)C(C)=O,484.25
961,CC(C)c1ccc(CC=O)cc1,516.25
962,OCC=Cc1ccccc1,531.25
963,SCCc1ccccc1,491.25
964,CC(CCCC(C)=O)CCC=C(C)C,507.25
965,S(SCc1occc1)Cc1occc1,503.25
966,O(Cc1occc1)Cc1occc1,374.25
967,CCC(=O)C(CC)=O,398.25
968,CCCCc1occc1,413.25
969,CCCCCC(CCC)=O,461.25
970,FCC(OC)=O,377.75
971,CN(N=O)C=C,320.25
972,CCOC(CF)=O,394.85
973,N#CC#N,294.35
974,NCCCCCN,452.25
975,CCCCCON=O,377.75
976,ClC(Cl)=S,346.25
977,CC1CCC=C2CCC(CC21C)C(C)=C,396.25
978,COC(C1CCCCC1)=O,456.25
979,OC(C)C(C)(C)C,393.65
980,CC(C)C1(CC2)OC2(C)CC1,338.25
981,CC1(CCC2CC1)OC2(C)C,449.25
982,OC(=O)C#C,417.25
983,CC1(C)CCCC(C)=C1CC=O,332.25
984,CC1CCC2CC1C2(C)C,442.25
985,CC1(C)C2CC1C(O)C=C2C,488.25
986,CCc1ccc(C=O)cc1,495.25
987,CN(c1c(cc(cc1N(=O)=O)N(=O)=O)N(=O)=O)N(=O)=O,460.25
988,CC(C)Oc1ccccc1O,375.25
989,COc1c(OC)c2OCOc2cc1CC=C,565.25
990,CCCCCc1sccc1,369.25
991,CC(C)OC(=O)Cc1ccccc1,438.25
992,COc1cc(CC=C)cc(OC)c1OC,429.25
993,Cc(cc1C)cc(C)c1C=O,511.75
994,CC(C)C(=CC1=O)C(=O)C=C1C,505.25
995,CC(C)C1CCC(C)=CC1O,505.25
996,CC(CCC1=C(C)C)=CC1=O,380.25
997,Cc1c2ccccc2ncc1,536.25
998,C(CCC1c2cccnc2)N1,543.25
999,CCC(OC=CC1=O)=C1O,563.25
1000,OCc1cc2OCOc2cc1,430.25
1001,C(Oc1cc2)Cc1cc2,462.25
1002,Cc(ccc1N)cc1N,538.25
1003,O=C1C=CCO1,360.25
1004,OCc(ccc1O)cc1OC,586.25
1005,CC(C)C(CCC1C)CC1O,495.25
1006,CC(C)C(CCC1C)CC1=O,382.25
1007,OC(C)C(O)=O,395.25
1008,ClC(Cl)(Cl)C(c(cc1)ccc1Cl)c(cc1)ccc1Cl,533.25
1009,c(ccc1c2ccc(cccc3cc4)c3c2c4c2)cc21,585.25
1010,CNCCCN1c2ccccc2CCc2ccccc12,447.25
1011,CN(C)CCCN1c2ccccc2CCc2ccccc12,433.25
1012,OC(CCc1ccccc1)=O,553.25
1013,C=CCc(cc1)ccc1O,509.25
1014,OCCc(cc1)ccc1O,584.25
1015,CC(CCC=C(C)C)CC(O)=O,395.25
1016,CCCCC(CCCC)=O,461.65
1017,O1CCC1,321.25
1018,ClCC=C(C)C,382.25
1019,CC(C)CC(O)=O,449.75
1020,Nc1ccncc1,546.25
1021,OCCCSC,363.25
1022,C1OCCCO1,378.25
1023,S1CCSCC1,388.85
1024,OC(CCCCCCC(O)=O)=O,618.75
1025,ClCCSCCCl,490.25
1026,CCCCCCCCCCCCCCCCC(O)=O,637.25
1027,CCCCCCCCCCCCCCCCCCCC(O)=O,601.25
1028,BrC#N,334.75
1029,ClC#N,286.25
1030,IC#N,318.25
1031,CC(Br)=O,347.25
1032,CCOC(=O)c1ccoc1c1ccccc1,605.25
1033,OCC(CC)=O,427.25
1034,CC1(C)C2CC(C3C2)C13C,426.25
1035,O=N(=O)C(N(=O)=O)(N(=O)=O)N(=O)=O,399.25
1036,c1cc2nc[nH]c2cc1,633.25
1037,Fc1c[nH]c(=O)[nH]c1=O,556.25
1038,NCCc1[nH]cnc1,483.25
1039,NC(C)Cc1ccccc1,476.25
1040,NCCc(cc1)ccc1O,439.25
1041,ClCCN(C)CCCl,360.25
1042,CCOC(=O)N,458.25
1043,CCCCCCCC(O)C=C,488.25
1044,CC(C)C(C)(C(C)C)C(=O)NC,507.25
1045,COP(OC)(OC)=O,470.45
1046,COCC(C)N(c1c(CC)cccc1C)C(CCl)=O,373.25
1047,ClC=C(C)C,341.25
1048,SCC(C)C,361.75
1049,CCC(N)C,336.25
1050,CCC(C)S,358.25
1051,OC(C)C(C)=O,421.25
1052,ClC(Cl)C(C)=O,393.25
1053,CC1(C)C2CC1CC=C2CO,495.25
1054,OCCC(S)CCC,471.25
1055,Oc1cccc(C)c1C,498.25
1056,CC1(C)C(C1C(OCc1cc(Oc2ccccc2)ccc1)=O)C=C(Cl)Cl,563.25
1057,Cc(cc1C)cc(C)c1O,493.25
1058,CC(C)c1ccccc1C,451.25
1059,OCCSC,444.25
1060,O=N(=O)c1ccccc1N(=O)=O,592.25
1061,SCC=C(C)C,408.25
1062,CCc(ccc1C)cc2c1ccc2C,432.25
1063,CC(C1CC2CC1)=C2C,414.25
1064,Cc1ccccc1C=O,473.25
1065,O=C1c2ccccc2CCC1,530.25
1066,OC(CC1CCCCC1)=O,516.25
1067,c(ccc1c2cc3c4)cc1ccc2cc3c1ccccc1c4,797.25
1068,ClCC(=O)c1ccccc1,520.25
1069,CC(=O)Oc1ccccc1C,481.25
1070,ClCC(CCl)=O,446.65
1071,Cc1cc(cc(c1O)N(=O)=O)N(=O)=O,585.25
1072,OC(C)C(O)C,455.25
1073,CSC(C)C(C)=O,451.25
1074,CC(C)CC(=O)Cc1ccccc1,524.25
1075,CC(C)c(ccc1)cc1C,448.25
1076,OCc1ccc(C(C)C)cc1,409.25
1077,CCc1cccnc1,439.25
1078,COc(ccc1)cc1N,524.25
1079,C=CCN(CC=C)C#N,418.25
1080,CCCCCCCC(OC(COC(CCCCCCC)=O)COC(CCCCCCC)=O)=O,506.25
1081,CCc(nc1C)oc1C,333.25
1082,CCCc(nc1C)oc1C,462.25
1083,Clc1ccc(cc1)NC(C)=O,606.25
1084,CCCCC(OCC)=O,418.25
1085,CCOC(CCC(C)=O)=O,367.25
1086,CC(C)COC(CCC)=O,430.15
1087,NC(C(O)=O)Cc1c[nH]c2c1cccc2,564.25
1088,CCCCCOC(CCC)=O,460.25
1089,CC(C)COC(CC)=O,340.25
1090,BrC=CBr,383.25
1091,SCCS,419.25
1092,COCC,280.65
1093,CNNC,354.25
1094,CC(C)(C)OC(C)=O,368.35
1095,CCOC(CC(O)C)=O,448.25
1096,SCCC(C)C,393.25
1097,CCCC(=O)N,489.25
1098,CC(C)=CC(O)=O,470.25
1099,OC(CC(C)=O)=O,512.25
1100,Cc1nc(C)sc1,418.25
1101,Clc1cc(Cl)ccc1,446.25
1102,CC1CC(CCCCCCCCCCCC1)=O,602.25
1103,CC(C)CON=O,340.25
1104,ClCCC#N,449.25
1105,ClCOCCl,377.25
1106,C1C=CC=C1,314.25
1107,OC(C)(C)CCCC(=C)C=C,373.25
1108,CC(C)(C)CC(C)CC=O,446.25
1109,CC(C)CCOCCC(C)C,445.75
1110,CCCCCCCCCCCCCC(O)=O,599.45
1111,CCCCCCCCCCCCCCCCCCCCCCCCCCCCCCCC,743.25
1112,ClC(Cl)(Cl)C#N,358.95
1113,CC(C)C1(CC1C1C)CC1=O,474.25
1114,COC(C(C)C)=O,366.25
1115,CC(CCc(cc1)ccc1O)=O,473.25
1116,O=C(c1ccccc1)N,561.25
1117,CSc1ccc(OP(OC)(OC)=S)cc1C,360.25
1118,O=N(OCC(CON(=O)=O)ON(=O)=O)=O,491.25
1119,CC(=O)c1ccccc1N,525.25
1120,OC(=O)c(ccc1C2=O)cc1C(O2)=O,663.25
1121,ClCc1ccccc1C,476.25
1122,CCN(CC(C)=C)c1c(cc(C(F)(F)F)cc1N(=O)=O)N(=O)=O,529.25
1123,CC(C)CCC(=O)c1cocc1,498.25
1124,OC(COc(nc1Cl)c(Cl)cc1Cl)=O,563.25
1125,Clc(ccc1N)cc1Cl,518.25
1126,COC(CC)=O,353.05
1127,Oc1cc(ccc1)N(=O)=O,467.25
1128,CC(CCc1cc2OCOc2cc1)=O,449.25
1129,CC(C)C1C=CC(CC1)=C,447.25
1130,OCCCCCCCC(C)C,493.25
1131,CC(C)CC(OC)=O,388.25
1132,OCC1OC1,440.25
1133,OCC=C(C)C,447.25
1134,CCCOC(CC(C)C)=O,430.25
1135,CC(Br)Br,381.25
1136,CC(Cl)=C,295.85
1137,OC1(C)CSC(O)(C)CS1,600.25
1138,Cc(oc1C)cc1S,450.25
1139,CC(=O)Sc1ccoc1C,497.25
1140,BrC(Br)(Br)Br,462.75
1141,FS(C)(=O)=O,396.75
1142,Cc1c2CCc(c2c2cc1)c1ccc3ccccc3c1c2,553.25
1143,c(ccc1cc2c3ccccc3c3)cc1cc2c3,710.85
1144,CC(C)CCOCCc1ccccc1,383.25
1145,CC1SCCS1,338.25
1146,CC(C)C1(O)CC=C(C)CC1,482.25
1147,CCCC(C)(C)CC,385.15
1148,CC[Al](Cl)Cl,467.25
1149,CCC(C)=C,304.45
1150,ClCC(C)=C,345.25
1151,ClC=C(C)Cl,348.25
1152,CC(C)C(C)=O,367.58
1153,CC1(C)CCCC2(C)C3CC(OC3(C)CCC21)=O,594.25
1154,CCC(C(C)C)=O,386.75
1155,CC(C)C(C(C)C)=O,398.65
1156,CCCCCCCCCCCCCCCC(O)=O,624.75
1157,CN(C)N,337.15
1158,OCC(O)C,460.85
1159,OC(C)COC(C)(C)C,424.25
1160,FC(F)OC(F)C(F)(F)F,296.75
1161,C1CN=CC1,362.25
1162,Cc(ccc1c2C)cc1ccc2,537.25
1163,CSSCc1occc1,338.25
1164,Oc1cccc(Cl)c1Cl,479.25
1165,CC(=O)c1ccccc1C,487.25
1166,CC(C)c1ccccc1C(C)C,478.25
1167,CCc1ccccc1N,482.9
1168,COCC(=O)N(C(C)C(OC)=O)c1c(C)cccc1C,569.15
1169,CC(=O)C(c1ccccc1)=O,378.25
1170,CCc1cccc(CC)c1N,508.75
1171,COc1ccccc1C(C)=O,521.25
1172,COc1ccccc1C(O)=O,553.25
1173,CCOC(C(O)C(O)C(OCC)=O)=O,554.25
1174,Cn1cnc2c1c(=O)n(C)c(=O)n2C,451.25
1175,Clc1cc(Cl)c(Cl)c(Cl)c1O,337.25
1176,Clc(ccc1Cl)cc1O,484.25
1177,OCC(O)CC,470.15
1178,Cc1ccc(N=C=O)cc1N=C=O,524.25
1179,CCCCCC(=O)C(C)=O,443.25
1180,COc1cc(C(O)=O)ccc1,445.25
1181,CC1=CCC(CC1)=C(C)C,460.25
1182,OC1(C)CCC(CC1)=C(C)C,492.25
1183,CCCCOCc1ccccc1,497.25
1184,OCCC(C)CC,425.25
1185,CCCC(CC)=O,397.25
1186,CC(C)COC(CC(C)C)=O,441.75
1187,CCCCC(C)CC,391.25
1188,CC1CCC(CC1)=O,444.25
1189,CC(C)CCCC(C)CCCC(C)CCCC1(C)Oc(c(C)c2C)c(CC1)c(C)c2O,493.25
1190,O=C1Nc2ccccc2O1,608.25
1191,Oc(ccc1Cl)cc1C,508.25
1192,CSCCC(N)C(O)=O,574.25
1193,OCC(S)CS,342.25
1194,O=NN1CCOCC1,497.75
1195,CCCCOC(CC)=O,418.25
1196,CCCCOC(CCl)=O,456.25
1197,BrCC#N,424.25
1198,CC=CC,276.98
1199,CC=C=C,284.15
1200,CC=CCl,309.25
1201,CC(C)CC=O,365.75
1202,BrCCC(O)=O,415.25
1203,SCc1cnccn1,318.25
1204,CC1C=CC(O1)=O,483.25
1205,Cc1cc(Br)ccc1,456.95
1206,Oc1cc(Br)ccc1,509.75
1207,Oc1cc(N)ccc1,437.25
1208,COc1cc(C=O)ccc1,416.25
1209,Oc1cc(Cl)cc(Cl)c1,506.25
1210,CCCCOC(CC(C)=O)=O,376.25
1211,CCCCOC(CCCC)=O,459.05
1212,CC(OCC=C)=O,376.75
1213,Cc1nccnc1C,430.25
1214,CC(OCC(C)=O)=O,339.25
1215,CCCCOC(=O)N,477.25
1216,CCCCC=C,336.65
1217,CC=CCC=C,338.25
1218,N#CCCC=C,413.25
1219,C=CCSCC=C,412.25
1220,CCCCCCCCCCCC(C)=O,407.25
1221,CCCCCCCCCCCCCCCCCC,589.25
1222,CCCCCCCCCCCCCCCCCCCCCCCCCCC,715.25
1223,BrC=C,289.05
1224,CCS(Cl)(=O)=O,450.75
1225,OC(C)(C)C(O)=O,485.25
1226,CC(Cl)(Cl)N(=O)=O,397.25
1227,CC1(C)C(CC1CC1O)C1=C,483.25
1228,BrCC(C)=O,411.25
1229,COC(=O)N,450.25
1230,CCN(C)C,309.75
1231,OC(C)C(C)C,387.25
1232,CC(Cl)C(O)=O,460.25
1233,CC(C)(C)C(C)=CC,385.25
1234,CC(C)CCCC(C)CC=O,471.25
1235,CC(C)(c1ccccc1)c(cc1)ccc1O,608.25
1236,CCCC(OCC(COC(CCC)=O)OC(CCC)=O)=O,580.25
1237,Nc1ccc(N=Nc2ccccc2)cc1,633.25
1238,OCCS,431.25
1239,CNN,360.75
1240,CC(=O)N,495.25
1241,CN1C=CNC1=S,553.25
1242,CCC(=O)C(C)=O,383.15
1243,CCC(Cl)N(=O)=O,415.25
1244,CC(C)N(C(C)C)N=O,467.75
1245,Oc1c(c(C)c(cc1N(=O)=O)N(=O)=O)N(=O)=O,423.25
1246,CCCC(CO1)OC1(Cn1cncn1)c1ccc(Cl)cc1Cl,453.25
1247,CCCSSSCCC,362.25
1248,c(cc1)ccc1N(c1ccccc1)c1ccccc1,638.25
1249,c(cc1)ccc1P(c1ccccc1)c1ccccc1,633.25
1250,Cc1c(cccc1N(=O)=O)N(=O)=O,558.25
1251,COC(=O)c1ccccc1OC,528.25
1252,CCCCC1c2ccccc2C(O1)=O,451.25
1253,COc(c1)c2OCOc2cc1CC=C,549.75
1254,Nc1cccc(Cl)c1Cl,525.25
1255,Clc1cc(Cl)c(Cl)c(Cl)c1Cl,550.25
1256,Oc(cc1Cl)cc(Cl)c1Cl,548.25
1257,Cc(ccc1N(=O)=O)cc1N(=O)=O,610.15
1258,COC(=O)c1occc1,455.25
1259,Cc1ccccc1C=C,443.25
1260,COc1ccccc1C=C,470.25
1261,CCCCC(C(CCC)Sc1ccoc1C)=O,376.25
1262,CC(C)CC(C(C(C)C)Sc1ccoc1C)=O,365.25
1263,COc1ccccc1OC(C)=O,397.25
1264,NNC(c1ccccc1)=O,540.25
1265,CN(c1ccccc1)N=O,498.25
1266,CCOC(=O)N(C)N=O,337.25
1267,Oc1ccc(Br)cc1Br,511.75
1268,Cc(ccc1N)cc1Cl,492.25
1269,Oc(ccc1O)cc1Cl,536.25
1270,CC1=CC(OC1=O)=O,487.25
1271,CCC(Cl)CCl,397.35
1272,OCC(Cl)CCl,458.25
1273,CCC(O)C=C,387.25
1274,COC(OC)=O,363.75
1275,O=C1NCCC1,518.25
1276,CCOC(=O)C(C)=O,417.25
1277,CC(C)OC(C(C)C)=O,394.25
1278,NCC(CC)CC,398.25
1279,OC(C)(C)c1ccccc1,475.25
1280,Cc1cc(cc(c1)N(=O)=O)N(=O)=O,588.25
1281,CCOc1ccc(cc1)NC(C)=O,518.25
1282,CCOS(C)(=O)=O,486.75
1283,COP(OC)(OC=C(Cl)Cl)=O,507.35
1284,Cc1oc(C=O)cc1,363.25
1285,CCc(ccc1)cc1O,491.65
1286,Cc1cc(C=O)ccc1,472.25
1287,CCCN(CCC)N=O,479.25
1288,OCCOCc1ccccc1,529.25
1289,ClCCc1ccccc1,471.25
1290,CC(OC1CCCCC1)=O,446.25
1291,CCOc(cc1)ccc1O,520.25
1292,Cc1ccc(C=C)cc1,445.25
1293,OCc(cc1)ccc1O,525.25
1294,CC(OCc1occc1)=O,450.25
1295,CCC(OCc1occc1)=O,469.25
1296,O=Cc1ccc(C=O)cc1,519.25
1297,CCCC(OC)=O,376.05
1298,CC(C)CC(CC)=O,408.25
1299,CC=CC(OC(=O)C=CC)=O,521.25
1300,CCOC(=O)NCC,449.25
1301,CC(COC(C)=O)OC(C)=O,463.25
1302,CCCCC(OC)=O,392.25
1303,CCC(C)COC(C)=O,411.25
1304,CC(C)CCC(CC)=O,437.25
1305,COC(CCC(C)=O)=O,469.25
1306,CCCCCOC(CC)=O,442.25
1307,FCCF,299.25
1308,CON=O,337.85
1309,CC(C)OC=O,341.45
1310,CCON(=O)=O,360.45
1311,Cc1[nH]c(C)cc1,444.25
1312,SCc1sccc1,439.25
1313,O=Cc1cc(C=O)ccc1,519.25
1314,CCCC(CC(C)C)=O,428.25
1315,CCCC(C)OC(C)=O,404.25
1316,Nc1cc(Cl)cc(Cl)c1,533.25
1317,Clc1cccnc1,424.25
1318,Clc1ccncc1,424.25
1319,CCCCCC(OCCC)=O,460.25
1320,CCCCOC(CCCCC)=O,481.25
1321,ClCCOC(Cl)=O,428.25
1322,CCCOC(=O)N,469.25
1323,CCCON(=O)=O,383.25
1324,OCCC=C,386.75
1325,COCCCl,366.25
1326,C=CSC=C,374.25
1327,CCCCCCCCCCC(OCC)=O,378.25
1328,COC(CCCCC(OC)=O)=O,388.25
1329,CCOCc1occc1,423.25
1330,CCCCCC(=O)N,528.25
1331,O=N(OCCON(=O)=O)=O,471.75
1332,CCCCCCCCCCCCCCCC(OCC)=O,466.25
1333,CCCCCCCC(O)C,467.25
1334,CCCSSCCC,468.25
1335,CCCCCCOC=O,429.25
1336,CCCCSSCCCC,506.25
1337,CCCCCCCCCCCCC,508.65
1338,CCCCCCCCCCCCCC,526.82
1339,CCCCCCCCCCCCCCC=C,557.65
1340,OCCCCCCCCCCCCCCC,572.25
1341,CCCCCCCCCCCCCCCCC,576.25
1342,CCCCCCCCCCCCCCCCCCC,603.25
1343,CCCCCCCCCCCCCCCCCCCCC,632.25
1344,OCCCCCCCCCCCCCCCCCCCC,582.25
1345,CCCCCCCCCCCCCCCCCCCCCCCCC,675.15
1346,CN1CC(=CCC1)C(OC)=O,482.25
1347,CCCCCCCCCCCCCCCCCCCCCCCCCC,688.25
1348,CCCCCCCCCCCCCCCCCCCCCCCCCCCC,705.25
1349,CCCCCCCCCCCCCCCCCCCCCCCCCCCCC,716.25
1350,CCCCCCCCCCCCCCCCCCCCCCCCCCCCCCCCCCCC,571.65
1351,CC(C)Cc1ccccn1,384.25
1352,Cc1cscc1C,419.25
1353,Cc1ccsc1C,413.25
1354,Clc(cc1Cl)cc(Cl)c1Cl,519.25
1355,OCc1sccc1,480.25
1356,CC(OCC1CCCO1)=O,468.25
1357,CCC(OCC1CCCO1)=O,480.25
1358,CC(C)OC(CC)=O,384.25
1359,CCCCCCOC(CCCCC)=O,519.25
1360,Cc1cc(C)sc1,414.25
1361,Cc1sc(C)cc1,408.25
1362,CCCC(OC(C)C)=O,404.25
1363,CCCCCCCCCCCCCCCCCC=O,595.25
1364,CCCCCCCCCCCCCCCCCCCCCCC,654.25
1365,CCCCCCCCCCCCCCCCCCCCCCCCCCCCCC,724.25
1366,COc1ccc(C=C)cc1OC,478.25
1367,NCCc1ccccc1,470.75
1368,OCC,351.49
1369,OC=O,374.25
1370,OC(C)=O,391.15
1371,CCOS(OCC)(=O)=O,482.75
1372,Cc1ccc(cc1)c1ccccc1,541.25
1373,CCCc1ccccc1O,499.25
1374,CCCOC(C(C)C)=O,407.25
1375,CC(C)c1ccc(C(C)=O)cc1,527.25
1376,CCCc(cc1)ccc1O,506.25
1377,N#CCCc1ccccc1,534.25
1378,C1OCCO1,351.25
1379,CC(C)CCC(O)=O,474.25
1380,CCCCCCCCCCCCCCCCCCC(O)=O,573.25
1381,CCCCCCCCCCCCCCCCCCCCCCCC,664.25
1382,Oc1ccccc1C(=O)N,454.75
1383,OC(=O)c1ccccc1,522.45
1384,CCCCC(CO)C(C)=O,369.25
1385,CSSc1ccoc1C,490.25
1386,Cc(nc1C)sc1C=C,457.25
1387,CC(C)CCOC(CC(C)C)=O,464.25
1388,COS(C)(=O)=O,476.25
1389,c(cnc1c2ncccc2c2)cc1c2,573.25
1390,OCCCCCCCCCCCCCCCCCCCCCC,453.25
1391,COc1cc(CC=C)cc(OC)c1O,442.25
1392,CSCCSC,453.25
1393,COc1cc(C)cc(OC)c1O,419.25
1394,OCc1oc(C=O)cc1,388.25
1395,NOC,323.25
1396,OC(C)C,355.55
1397,CS(C)(=O)=O,512.25
1398,SCS,391.25
1399,COc1ccc(C)cc1C,466.25
1400,O=C1CC(O1)=C,400.25
1401,CCCCCCCCCCCc1ccccc1,589.25
1402,Fc1nc(F)nc(F)n1,346.05
1403,CP(Cl)(Cl)=O,435.25
1404,CCC(S)C(C)=O,438.25
1405,COC(OC)C(C)(C)CC=C(C)C,488.25
1406,FC(F)(F)C=C,290.25
1407,CC(=O)c(ccn1)nc1C,362.25
1408,CCC=CCC=O,330.25
1409,CCCCCCOC(=O)c1ccccc1,545.25
1410,CSSC(C)(C)C=O,319.25
1411,SCC(O)=O,393.25
1412,FC(F)(F)C(C(F)(F)F)=O,300.25
1413,CC(C)C(C(C)(C)COC(C(C)C)=O)OC(C(C)C)=O,653.25
1414,CCCCOB(OCCCC)OCCCC,507.25
1415,C#CC=C,278.35
1416,OC(=O)c1ccccc1O,484.25
1417,FC(F)(F)CC(F)(F)F,274.35
1418,CCSCCCl,429.25
1419,CCCCCCCCC(C)=O,483.25
1420,Cc1cscn1,405.25
1421,Cc1[nH]ccn1,540.25
1422,CCC1OC(CC1)=O,375.25
1423,CC(C)C1CCCCC1,428.25
1424,CC(=O)Cc1occc1,453.25
1425,CCCCCCCCC(C)C,462.55
1426,Cc(ccc1C=O)cc1O,496.25
1427,O=Cc1oc(cc1)N(=O)=O,405.25
1428,CSSCc1ccccc1,470.25
1429,CN(N=O)C(=N)NN(=O)=O,370.25
1430,Clc1cc(Cl)c(Cl)c(Cc(c2O)c(Cl)c(Cl)cc2Cl)c1O,439.75
1431,Cc1ccc(cc1)S(=O)(=O)N,487.25
1432,CCCCCCC1(C)OC(CC1)=O,408.25
1433,CCCC(O)Cc1ccccc1,520.25
1434,CCCCCC1OC(CCC1)=O,393.25
1435,CCCCCCC1OC(CC1)=O,389.25
1436,C1C=CCCC=CCCC=CC1,513.25
1437,CCC(=O)Nc(ccc1Cl)cc1Cl,624.25
1438,OCCC,370.45
1439,OCCCC,390.85
1440,OCCCCC,410.75
1441,Cc1nc(C)oc1,381.25
1442,OC(C)(CCC=C(C)CCC=C(C)C)C=C,387.25
1443,COc1ccccc1S,372.25
1444,CC(C)(C)c(cc1C(C)(C)C)cc(C(C)(C)C)c1O,551.25
1445,CCCCC(CC)CS,455.25
1446,N(c1ccccc1)c1ccc(Nc2ccccc2)cc1,498.25
1447,CBr,276.65
1448,ClC,296.95
1449,SC,279.2
1450,CCCC(C(CC)Cc1ccccc1)=O,433.25
1451,CC(CCOCC=O)CCC=C(C)C,403.25
1452,CC(C)C(=O)C(C)=O,391.25
1453,CCCCCCCCC(OCC=C)=O,424.25
1454,FC=C,345.25
1455,NCC,289.85
1456,FCF,324.9
1457,O=CN,483.75
1458,C1OC1,283.85
1459,ClC(Cl)Br,363.25
1460,NC(C)C,305.05
1461,CC(C)S,325.75
1462,ClC(Cl)=C,304.85
1463,CC(Cl)=O,324.25
1464,FC(F)C,297.3
1465,FC(F)=C,358.95
1466,FC(Cl)Cl,282.15
1467,ClC(Cl)=O,281.45
1468,FC(F)Cl,314.05
1469,FC(F)F,355.25
1470,IC(I)I,491.25
1471,CN(=O)=O,374.35
1472,CC1NC1,340.25
1473,CC1OC1,307.48
1474,FC(F)(Br)Br,298.25
1475,FC(F)(F)Br,331.05
1476,NC(C)(C)C,319.25
1477,OC(C)(C)C,355.55
1478,FC(F)(C)Cl,282.35
1479,FC(F)(Cl)Cl,303.05
1480,FC(F)(F)Cl,354.65
1481,OS(C)(=O)=O,440.25
1482,OCC(C)(C)C,387.25
1483,CCC(O)(C)C,375.65
1484,OC(C)(C)C#N,368.25
1485,ClCC(F)(F)F,279.35
1486,OOC(C)(C)C,362.25
1487,CC(C)(C)C(C)=O,379.35
1488,CC(Cl)(Cl)C(O)=O,463.25
1489,OC1(C)CCCC(C)(C)C1=O,506.25
1490,II,457.65
1491,ClC#CCl,306.25
1492,CCCN(CCC)C(SCC)=O,400.25
1493,ClC(Cl)(Cl)C(Cl)=O,391.15
1494,ClC(Cl)(Cl)C(O)=O,468.75
1495,FC(F)(F)C(O)=O,345.65
1496,ClC(Cl)(Cl)N(=O)=O,385.25
1497,FC(F)(Cl)C(Cl)(Cl)Cl,366.05
1498,FC(F)(Cl)C(F)(F)Cl,276.75
1499,FC(F)(F)C(F)(F)Cl,312.35
1500,FC(F)(F)C(F)(F)F,351.35
1501,FC(F)(F)C(F)(F)C(F)(F)F,309.95
1502,CC1(C)C(CCC21C)CC2=O,482.25
1503,ClCC(Cl)C=C,391.85
1504,CC(=C)C(OC(=O)C(C)=C)=O,362.25
1505,OCl(=O)(=O)=O,292.25
1506,CCO[PH](OCC)=O,411.25
1507,FCCBr,345.25
1508,FCCCl,332.25
1509,OCCC(C)=C,403.25
1510,CCOCCC(OCC)=O,445.25
1511,FB(F)F,373.15
1512,OCCOC=C,414.85
1513,O=CC1OC1,385.75
1514,O=C1CCCCC1=O,468.25
1515,CC1=C(C)C(OC1=O)=O,496.25
1516,CC=Cc1ccccc1,448.75
1517,CSCc1ccccc1,471.25
1518,OP(O)(O)=O,680.25
1519,OS(O)(=O)=O,610.25
1520,OC(CC(C)CC1(C)C)C1,471.25
1521,CC(C)Nc1ccccc1,476.25
1522,ON(=O)=O,356.25
1523,ClC1(Cl)C(Cl)=C(Cl)C(Cl)=C1Cl,512.25
1524,CC1CCC(C2(C)C)C1(CC1)CC2C1(O)C,559.25
1525,C=CS(=O)(=O)C=C,507.75
1526,COS(OC)(=O)=O,461.25
1527,CCOP(=O)(N(C)C)C#N,513.25
1528,OCC(C)(CO)CO,556.25
1529,OCC(N)(CO)CO,493.25
1530,CCOC(CC(O)(CC(OCC)=O)C(OCC)=O)=O,567.25
1531,OCC(CO)(CO)CC,433.25
1532,OC(C)COc1ccccc1,514.45
1533,ClS(Cl)=O,349.25
1534,OO,423.45
1535,BrBr,332.05
1536,CC1N=C(C)CO1,414.25
1537,CCCCC1(CCCC)OC(CC1)=O,553.25
1538,Sc1sccc1,439.25
1539,CC(CCc(cc1)ccc1C)=O,517.25
1540,CCC(C)CCCC(C)C=O,470.25
1541,CCCCCCCCC(OCCC(C)C)=O,534.25
1542,FF,461.38
1543,ClCl,307.29
1544,FOF,418
1545,CCCCCCC(C)C=O,356.25
1546,COP(OC)(=O)OC(C)=CC(OC)=O,380.75
1547,FS(O)(=O)=O,436.25
1548,IBr,389.25
1549,BrP(Br)Br,446.45
1550,OS(Cl)(=O)=O,425.25
1551,ICl,370.25
1552,ClOCl,275.45
1553,ClS(Cl)(=O)=O,342.55
1554,O=N(OCC(CON(=O)=O)(CON(=O)=O)CON(=O)=O)=O,488.25
1555,Cc1ccccc1OP(Oc1ccccc1C)(Oc1ccccc1C)=O,683.25
1556,CCOP(CC)(OCC)=O,471.25
1557,CCOP(OCC)(OCC)=O,488.75
1558,CCCCOCCOP(OCCOCCCC)(OCCOCCCC)=O,501.25
1559,CC1(C)CC(=O)C=C(C)C1,488.57
1560,OC(C)(CCC=C(C)C)C=C,471.25
1561,BrCC(C)Br,415.15
1562,CCC(C)C,301.08
1563,CC(=C)C=C,307.317
1564,NCC(C)C,342.25
1565,OCC(C)C,381.25
1566,CC(C)C=O,337.25
1567,ClCC(C)Cl,369.65
1568,ClCC(Cl)=C,367.25
1569,OCC(C)Cl,407.25
1570,CCC(O)C,372.75
1571,ClCC(C)=O,392.25
1572,NCC(O)C,432.71
1573,OC(C)C#N,494.25
1574,CC(=O)C=O,345.25
1575,CCC(Cl)Cl,361.65
1576,ON,343.25
1577,Cc1c2ccccc2c(C)c2ccccc12,633.25
1578,ClC(Cl)C=O,362.45
1579,ClCC(Cl)=O,379.25
1580,C=CC(=O)N,465.85
1581,ClCC(=O)N,498.25
1582,BrCC(O)=O,481.25
1583,CCC(O)=O,414.35
1584,ClCC(O)=O,462.35
1585,OCC(O)=O,373.25
1586,OOC(C)=O,383.25
1587,CCN(=O)=O,387.35
1588,CC(C)C(O)=O,428.25
1589,ClC(Cl)C(Cl)=O,381.25
1590,FC(F)=C(F)Cl,301.05
1591,OC(=O)C(C)=C,436.25
1592,CC(S)C(O)=O,390.25
1593,ClC(Cl)C(O)=O,466.25
1594,CC(C)N(=O)=O,393.45
1595,CC1(C)C2CC(CC2)C1=C,434.25
1596,CC(C)(c(cc1)ccc1O)c(cc1)ccc1O,633.75
1597,OOC(C)(C)c1ccccc1,426.25
1598,CC(C)(OOC(C)(C)c1ccccc1)c1ccccc1,373.25
1599,CCC(C)(C)c(cc1)ccc1O,535.75
1600,COC(=O)C(C)=C,373.75
1601,COC(=O)C(Cl)=C,325.25
1602,FC(F)C(F)(Cl)Cl,303.45
1603,CCOP(Cl)(OCC)=O,333.25
1604,SCC(C)S,425.25
1605,ClC(=O)C=C,348.75
1606,CC(=O)C(C)=C,371.25
1607,OCCOC(=O)C=C,464.25
1608,Clc1c(Cl)c(Cl)c(c(Cl)c1Cl)N(=O)=O,601.25
1609,OCC=CCO,422.25
1610,CCCCCCCC(C)=O,465.25
1611,O=C=NCCCCCCN=C=O,486.25
1612,Cc1c[nH]cn1,536.25
1613,CC1OC(CCC1)=O,385.25
1614,ClCCP(O)(O)=O,538.25
1615,CCCCOCc(ccc1O)cc1OC,514.25
1616,CC1OC(CC(C)O1)OC(C)=O,348.25
1617,CC1(C)SC(C)(C)SC(C)(C)S1,380.25
1618,C(Cc1c2c3ccc1)c2ccc3,550.75
1619,Cc1c[nH]c2c1cccc2,539.25
1620,Cc1cccc(c1C)N(=O)=O,513.25
1621,COc1c(c(C)c(cc1C(C)(C)C)N(=O)=O)N(=O)=O,458.25
1622,Cn1cnc(n2C)c1c(=O)[nH]c2=O,568.25
1623,CCNc1nc(SC)nc(NC(C)C)n1,610.25
1624,O=N(=O)c(cc1)ccc1Nc1ccccc1,484.25
1625,O=C1c2ccccc2c2ccccc2C1=O,633.25
1626,c(cc1)ccc1c1ccccc1c1ccccc1,605.25
1627,O=C1c2ccccc2C(=O)c2ccccc12,650.25
1628,CCOC(=O)c1ccccc1C(OCC)=O,568.25
1629,CC(C)COC(=O)c1ccccc1C(OCC(C)C)=O,569.75
1630,CCCCOC(=O)c1ccccc1C(OCCCC)=O,613.25
1631,CCCCCCOC(=O)c1ccccc1C(OCCCCCC)=O,483.25
1632,CCCCCCCCCOC(=O)c1ccccc1C(OCCCCCCCCC)=O,686.25
1633,CCCCCCCCCCOC(=O)c1ccccc1C(OCCCCCCCCCC)=O,534.25
1634,c(ccc1c2ccccc2c2)cc1c2,611.65
1635,O=C1c2ccccc2C(O1)=O,558.55
1636,CCCCOC(=O)c1ccccc1C(OCc1ccccc1)=O,643.25
1637,COC(=O)c1ccccc1NC,529.25
1638,O=N(=O)c1c2ccccc2ccc1,577.25
1639,C(c1cc2)c3ccccc3c1cc2,567.25
1640,c(ccc1c2ccccc2[nH]2)cc21,627.85
1641,OCCOC(=O)C(C)=C,340.25
1642,CC(C)COC(=O)c1ccccc1O,534.25
1643,CC(C)CCOC(=O)c1ccccc1O,551.25
1644,Oc1ccccc1C(OCCc1ccccc1)=O,643.25
1645,CCOC(=O)c1ccccc1N,541.25
1646,Nc1cccc(C)c1C,494.75
1647,Nc1cccc(Cl)c1C,518.25
1648,Clc1cccc(Cl)c1Cl,491.75
1649,Cc1cccc(C)c1N,489.25
1650,Clc1cccc(Cl)c1O,493.25
1651,Oc1cccc(O)c1O,582.25
1652,Oc1c(Cl)c(Cl)c(Cl)c(Cl)c1Cl,583.25
1653,OCC(O)COC1CC(C)CCC1C(C)C,398.25
1654,CCOC(C(C)Oc1ccc(Oc(nc2cc3)oc2cc3Cl)cc1)=O,473.25
1655,Clc1cc(c(Cl)c(Cl)c1Cl)N(=O)=O,339.25
1656,Oc(cc1C)cc(C)c1Cl,519.25
1657,Cc(cc1C)cc(C)c1N,507.25
1658,Clc(cc1Cl)cc(Cl)c1O,522.25
1659,CCC(CC)C(O)=O,374.25
1660,CCN(CC)C(Cl)=O,459.25
1661,C=CN1CCCC1=O,369.25
1662,OC(=O)c1occc1,505.25
1663,CC(=O)c1sccc1,486.25
1664,CC(C)(C)c1ccccc1O,496.25
1665,CC(C)(C)c1ccc(C)cc1O,497.25
1666,Nc1ccccc1C(=O)N,573.25
1667,CC(C)c1ccccc1O,487.25
1668,Cc1ccccc1N(=O)=O,495.25
1669,Clc1ccccc1N(=O)=O,518.75
1670,Oc1ccccc1N(=O)=O,489.25
1671,S(Sc1ccccc1)c1ccccc1,583.25
1672,CCNc1nc(SC)nc(NC(C)(C)C)n1,433.25
1673,O=C1c2cc3c(C(OC3=O)=O)cc2C(O1)=O,673.25
1674,CC(=O)c1ccc(C)cc1C,391.25
1675,CC(CCC1C(C)C)CC1O,487.85
1676,OC(=O)c1ccc(O)cc1O,583.25
1677,Clc1ccccc1C=O,485.25
1678,Oc1ccccc1C=O,470.25
1679,Clc1c2ccccc2ccc1,601.25
1680,N(c1ccccc1)c1c2ccccc2ccc1,608.25
1681,Oc1ccccc1c1ccccc1,559.25
1682,CN(C)c1ccc(cc1)C(=O)c(cc1)ccc1N(C)C,633.25
1683,Cc1c(cccc1N=C=O)N=C=O,406.25
1684,COc1ccccc1N(=O)=O,550.25
1685,CCOc(ccc1N2)cc1C(C)=CC2(C)C,398.25
1686,Clc1cc2ccccc2cc1,529.25
1687,Nc1cc2ccccc2cc1,579.25
1688,Sc1cc2ccccc2cc1,561.25
1689,Cc1nc2ccccc2cc1,521.25
1690,O=C1C=Cc2ccccc2O1,574.96
1691,ClC(Cl)(Cl)C(C)=O,422.25
1692,c(cc1)ccc1c(ccc1)cc1c1ccccc1,636.25
1693,Cc(ccc1O2)cc1C=CC2=O,577.25
1694,Nc1ccc(cc1)c1ccccc1,575.25
1695,Oc1ccc(cc1)c1ccccc1,581.25
1696,Nc1ccc(cc1)c(cc1)ccc1N,674.25
1697,c(cc1)ccc1c(cc1)ccc1c1ccccc1,649.25
1698,CC(=C)C(Cl)=O,369.25
1699,CCCC(C)C(C)CC,413.85
1700,CCCOC(=O)C=C,395.25
1701,CCCCCCC(CC)=O,461.25
1702,CCCCCC(CCCCC)=O,501.25
1703,OCCOCCN,494.25
1704,CCCCCCCCCCCCCCCCCCCCCC(OC)=O,498.25
1705,COc1cc2ccccc2cc1,547.25
1706,CCN(CC)c(cc1)ccc1N,535.25
1707,CC(=O)c1cc2ccccc2cc1,574.25
1708,CCOc1cc2ccccc2cc1,555.25
1709,CC(C=O)c1ccccc1,367.25
1710,CCC(O)c1ccccc1,376.25
1711,COC(=O)c1cccnc1,482.25
1712,C=CC1OC1,341.25
1713,O=NN1CCCC1,487.25
1714,Cc1ccc(C)n1C,444.25
1715,CC(=O)c1cccn1C,475.25
1716,O=CCC(C=C)c1ccccc1,413.25
1717,CC(C)OC(=O)c1ccccc1,491.25
1718,CCOC(=O)c(cc1)ccc1N,583.25
1719,CCOC(=O)c(cc1)ccc1OC,543.25
1720,O=C(OCCc1ccccc1)c1ccccc1,462.25
1721,CCCc1cc2OCOc2cc1,501.25
1722,C=CCc1cc2OCOc2cc1,508.25
1723,COC(C1CCC(CC1)C(OC)=O)=O,538.25
1724,CCCC(O)C(CO)CC,517.45
1725,COCCC(C)(C)S,433.25
1726,C(C=Cc1cc2)c1cc2,454.85
1727,c1cc2nn[nH]c2cc1,477.25
1728,c(ccc1sc2)cc1n2,501.25
1729,Nc1ccccc1C,473.55
1730,Oc1ccccc1N,426.25
1731,Oc1ccccc1Br,467.75
1732,ClC1OCCOC1Cl,355.25
1733,Nc(ccc1C)cc1C,501.25
1734,Oc(ccc1C)cc1C,498.25
1735,Cc(ccc1N)cc1C,487.25
1736,Clc(ccc1N)cc1C,514.25
1737,Nc(ccc1N)cc1C,546.75
1738,Clc(ccc1C)cc1Cl,474.25
1739,Nc(ccc1C)cc1Cl,516.25
1740,Nc(ccc1Cl)cc1Cl,545.25
1741,Oc(ccc1Cl)cc1Cl,526.25
1742,Cc(ccc1C)cc1N,487.25
1743,Clc(ccc1C)cc1N,510.25
1744,Nc(ccc1C)cc1N,565.25
1745,Clc(ccc1Cl)cc1N,524.25
1746,Cc(ccc1C)cc1O,484.75
1747,CCOC(=O)C(OCC)=O,458.95
1748,Clc1cc(Cl)c(Cl)cc1Cl,517.75
1749,Oc1cc(Cl)c(Cl)cc1Cl,535.25
1750,CCCCC(=O)C(C)=O,337.25
1751,C=CCOC(=O)C(C)=C,423.25
1752,C1OC1c1ccccc1,467.35
1753,CC[Al](Cl)CC,481.25
1754,CCC(C)C=O,366.25
1755,ClCC(Cl)=CCl,415.25
1756,CCC(CC)=O,374.95
1757,ClCC(O)CCl,447.55
1758,OCC(O)CCl,486.25
1759,OCC(O)CS,391.25
1760,CCC(C)=NO,425.75
1761,CNC(=O)NC,543.25
1762,COC(CBr)=O,414.25
1763,COC(CCl)=O,403.25
1764,CC(C)(C)c(ccc1O)cc1C(C)(C)C,536.75
1765,Clc1ccc(cc1N(=O)=O)N(=O)=O,588.25
1766,CCOP(OCC)(Oc1ccc(Cl)cc1Cl)=S,442.25
1767,CCOC(C(C)C)=O,386.25
1768,CCOC(=O)C(C)=C,390.25
1769,CCOC(C(O)C)=O,427.25
1770,OC(=O)CC(=C)C(O)=O,541.25
1771,OC(CC(O)=O)C(O)=O,498.25
1772,CC(C)C(OC(C(C)C)=O)=O,454.75
1773,CC(C)COC(C(C)C)=O,421.85
1774,CC(C)COC(=O)C(C)=C,428.25
1775,CCCCOC(C(C)C)=O,431.25
1776,CCCCOC(=O)C(C)=C,433.25
1777,CC[Al](CC)CC,467.25
1778,CCB(CC)CC,368.25
1779,OCC(CC)CC,419.52
1780,CCC(CC)C=O,390.25
1781,OCc1occc1,444.25
1782,O=Cc1occc1,434.95
1783,O=Cc1sccc1,350.25
1784,FC(F)(F)c(ccc1)cc1N,460.75
1785,FC(F)(F)c1cc(ccc1)N(=O)=O,476.25
1786,CC(C)(C)c(cc1)ccc1C,466.25
1787,CC(C)(C)c(cc1)ccc1O,512.25
1788,OC(C)(C)C1CC=C(C)CC1,494.25
1789,FC(F)(F)c(cc1)ccc1Cl,412.55
1790,NC(C)c1ccccc1,461.75
1791,ClC(=O)c1ccccc1,474.25
1792,OC(C1CCCCC1)=O,506.25
1793,O=C(c1cccnc1)N,430.25
1794,Cc1cc(ccc1)N(=O)=O,505.25
1795,Nc1cc(ccc1)N(=O)=O,579.25
1796,O=N(=O)c1cc(cc(c1)N(=O)=O)N(=O)=O,588.25
1797,OC1CC(CC=C1C)C(C)=C,500.25
1798,CC(=C)C(CC=C1C)CC1=O,504.25
1799,Cc1ccc(cc1C)N(=O)=O,527.25
1800,Clc1ccc(cc1Cl)N(=O)=O,529.25
1801,CC(C)c1cc(C(C)C)ccc1,476.45
1802,ClC(=O)c1cc(C(Cl)=O)ccc1,549.25
1803,O=N(=O)c1cc(ccc1)N(=O)=O,576.05
1804,CCCC(CCC)C(O)=O,492.75
1805,CC(C=O)c(cc1)ccc1C,497.25
1806,COC(=O)c(cc1)ccc1C,495.75
1807,COC(=O)c(cc1)ccc1O,543.75
1808,CC1CCC(C(C)C)CC1,444.15
1809,CC(C)C(CC=C1C)=CC1,456.25
1810,CC(C)C(CC1)=CC=C1C,448.25
1811,CC(C)c(cc1)ccc1C,450.35
1812,CC(C)c(cc1)ccc1O,496.25
1813,CC(=O)c(cc1)ccc1Cl,510.25
1814,CC(=O)c(cc1)ccc1N,567.25
1815,OC(=O)c(cc1)ccc1O,608.25
1816,CN(C)c(cc1)ccc1C,484.25
1817,CN(C)c(cc1)ccc1N,536.25
1818,Cc1ccc(cc1)N(=O)=O,511.55
1819,COC(C)(C)CC,359.55
1820,OC(C)COC(=O)C=C,343.25
1821,CCC=C,279.72
1822,OCC(C)CC,401.25
1823,CCc(cc1)oc1C,392.25
1824,OC(C)COCC(O)C,506.05
1825,CC(S)C(C)S,360.25
1826,CCOP(OCC)(Oc1ccc(cc1)N(=O)=O)=S,648.25
1827,Cc(ccc1Cl)cc1O,469.25
1828,CCC(C)C(SC1C)N=C1C,344.25
1829,CCC(C)C(N)C(O)=O,499.25
1830,OC(C)CCC1=C(C)C=CCC1(C)C,353.25
1831,CCc(cnc1C(=NC2(C)C(C)C)NC2=O)cc1C(O)=O,453.25
1832,CC(C)C1CCC(C)=CC1=O,508.25
1833,CC(CC1)OC21C(C)=CCCC2(C)C,345.25
1834,CC(C)OP(F)(C)=O,420.25
1835,C(CO)O,470.65
1836,CC(C(C)O)O,455.15
1837,C(C(CO)O)O,562.15
1838,CC(CO)O,460.45
1839,CCCCN(CCCC)CCCN,478.2
1840,CCCCCCCCNCCCCCCCC,580.85
1841,C(CN)N,390.05
1842,CCCCCCCCCCCCCCCCCCOCC(CO)O,886.42
1843,C(CNCCNCCN)N,539.65
1844,C([C@H]([C@H]([C@@H]([C@H](CO)O)O)O)O)O,704
1845,CN(C)CN(C)C,356.65
1846,C(CN)CNCCCN,493.15
1847,C([C@H]([C@H]([C@@H]([C@@H](CO)O)O)O)O)O,888.2
1848,CC(C)(C(C)(C)O)O,447.15
1849,CCC(C)(CC)O,402.15
1850,CCC(C)(C#C)O,393.15
1851,CCC(C)(CCCC(C)C)O,478.25
1852,CC(=CCCC(C)(C=C)O)C,470.15
1853,C([C@H](C([C@H](CO)O)O)O)O,653.15
1854,CCCC(C(CC)CO)O,516.15
1855,CCC(C)CN,368.70133
1856,CC(CCN(C)C)N(C)C,438.2
1857,B(CC)(CC)CC,368.15
1858,CCCCCCCCCCCCN(CCCCCCCCCCCC)CCCCCCCCCCCC,721.15
1859,CCCCC(CC)CCC(C)O,498.15
1860,CCCCC(CC)CN,445.15
1861,CCC(C)CC(C)N,405.65
1862,CN(CCCN)CCCN,505.15
1863,CCCCC(CC)CNCC(CC)CCCC,554.25
1864,CC(C)CCCC(C)CCO,497.15
1865,C[C@@H](CCC=C(C)C)CCO,497.15
1866,CCC(CC(C)C)CO,449.65
1867,C(CCO)CC(CO)O,443.15
1868,CCC#C,281.25
1869,C#CCO,386.15
1870,CC(=C)CC(C)(C)C,374.45
1871,CC(=CC(C)(C)C)C,378.05
1872,CC(CC(C)(C)O)O,471.05
1873,CC(C)CCN,369.15
1874,CC(CCO)O,481.35
1875,CC(COC)O,393.15
1876,CC(C)CC(C)C,353.55
1877,CC(C)CC(C)N,381.95884
1878,CC(C)CC(CC(C)C)O,466.15
1879,CCC#CC(C)O,353.15
1880,CN(C)CCCN,402.15
1881,CCCC=C,303.15
1882,CNCCN,388.65
1883,CC(C)(CCC(C)(C)O)O,506.15
1884,CN(C)CCN(C)C,394.15
1885,CCCCCN,377.85
1886,C(CCO)CO,502.65
1887,C(C=CCO)O,404.15
1888,C(C#CCO)O,511.15
1889,CCCCNC,364.15
1890,CNCCNC,393.15
1891,CN(C)CCCN(C)C,417.15
1892,CC(C)CNCC(C)C,412.75
1893,CC(COCC(C)O)O,506.15
1894,CC(C)CCCC(C)CCCC(C)CCCCC(C)CCCC(C)CCCC(C)C,693.15
1895,CN(C)CCCCCCN(C)C,482.65
1896,C(CCO)CCO,514.15
1897,COCCCCO,428.6
1898,CCOCCCO,433.69704
1899,C(CNCCN)N,479.65
1900,C=CCOCCO,431.65
1901,CCCCCCC=C,394.45
1902,CCCCCC=CC,398.05
1903,CCCCCCCN,426.15
1904,CCCCCCCCN,451.75
1905,CCCCCCCCCCCCN(C)C,533.15
1906,C(COCCOCCO)O,561.75
1907,C=CCCCCCCCCCO,523.15
1908,C(CNCCNCCNCCN)N,614.65
1909,C(COCCOCCOCCO)O,588.15
1910,CCCCCCCCCCCCCCO,568.95
1911,CCCCCCCCCCCCCCN(C)C,575.15
1912,CCCCCCCCCCCCCCCCC=C,588.65
1913,CC=C,225.55
1914,CC(=C)C,266.15
1915,CC(C)(C=C)O,372.45
1916,CC(C)(C#C)O,378.85
1917,CCC(CC)(CO)CO,517.15
1918,C(C(CO)(CO)CO)O,631
1919,CC(C)N(CCN)C(C)C,394.15
1920,CC(CCC=C(C)C)CCO,497.65
1921,CC(C)(C#CC(C)(C)O)O,479.15
1922,CCCCCCCCCCN,490.15
1923,CCCCCCNCCCCCC,509.15
1924,C(CCCNCCCCCCN)CCN,493.15
1925,CCCCCCCCCCCCCCCCN,594.15
1926,CC(C)C(C(C)(C)CO)O,503.25
1927,C(C(C(CO)O)O)O,603.65
1928,CCC(C)CCC(C)(CC)O,471.15
1929,C#CC#C,283.15
1930,C=C=C,238.35
1931,CC(C)C(C)(C)C,353.95
1932,CC(C(C)(C)C)O,393.15
1933,C=CC(CO)O,469.65
1934,CC(C)CCCC(C)NCCC(C)C,373.65
1935,CC#CC,300.25
1936,C(CO)CO,487.85
1937,CC(C)CCCC(C)CCCC(C)CCCC(C)(C=C)O,741.51
1938,CCCC(C=CC=CC=CC#CC#CCCCO)O,802.96
1939,CCCCCCCCCCCCCCCCCCCCCCCCO,675
1940,CC(=C)CO,387.65
1941,CC(=C)C(=C)C,342.15
1942,CC(C)(CCCC(=C)C=C)O,510.59
1943,CCCCCC(C)O,432.15
1944,CC(C)CCNCCC(C)C,460.15
1945,CCC=CCCO,426.15
1946,CC(=CCO)C,417.15
1947,C=CO,613.15
1948,CC(C)(C)C=C,314.39
1949,CCC(C)(C)C(C)C,387.85
1950,CCC(C)(C)C(=C)C,381.15
1951,CCC(C)(C)CC,359.15
1952,CCC(=C)C,304.25
1953,CC(C)C(=C)C,328.74
1954,CC(=C(C)C)C,346.34
1955,CCC(C)C(C)(C)C,382.95
1956,CCC(C)C(C)C,362.95
1957,CCC(C)C(C)O,415.15
1958,CCC(C(C)C)O,401.05
1959,CC(C)C(C)C(C)C,386.55
1960,CC(C)C(=C(C)C)C,389.15
1961,CCC(C)C(C)CC,390.85
1962,CCC(CC)O,396.15
1963,CCC(CO)O,469.1
1964,CCCC(C)C(C)C,388.75
1965,CCCC(C)CC,364.15
1966,CCC(C)CCO,426
1967,CCC(C)CC(C)C,382.55
1968,CCCC(C)CCC,390.85
1969,CCCC(CCC)O,434.15
1970,CCCCC(CCC)O,448.15
1971,CCCCC(CC)O,427.15972
1972,CCCCCC(CC)O,457.15
1973,CCCC(C)(C)C,352.35
1974,CCCC(C)(C)O,394.15
1975,CCCCC(C)(C)C,379.95
1976,CCCCC(C)C,363.15
1977,C=CCC=C,299.05
1978,CCC=C=C,317.15
1979,CC(C)CCC(C)C,382.25
1980,CCCCCC(C)C,390.75
1981,C=CCCC=C,332.35
1982,CCC=CCC,340.21
1983,CCC=CC=C,337.72
1984,CCCC=CCCC,395.55
1985,C=CN,314.57
1986,CC(=C)C(C)(C)C,350.95
1987,CC(C)C(C)(C)O,391.85
1988,CC(C)(C)C(C)(C)C,379.47
1989,CC(C)(C)C(C)(C)O,401.45
1990,CCC(C)(C(C)C)O,413.15
1991,CCC(CC)(CC)O,415.15
1992,CCCC(C)(CC)O,420.15
1993,CCCCC(C)(CC)O,439.15
1994,CC(=C=C)C,313.95
1995,CC(C=C)O,370.15
1996,CC(C)C(C)N,354.15
1997,CC(C)C(C(C)C)O,415.15
1998,C([C@H]([C@@H]([C@@H]([C@H](CO)O)O)O)O)O,888.2
1999,CCC(CC)C(C)C,388.75
2000,CCC(C)C(CC)O,422.65
2001,CCC(C=C)O,391.15
2002,CCN(C)CC,339.05
2003,CCCC(C(C)C)O,414.15
2004,CCC(CC)CC,366.55
2005,CCC(CC)CN,398.15
2006,CCCC(CC)CC,391.65
2007,CCOC(CO)OCC,440.15
2008,CCCCCN(CCCCC)CCCCC,515.65
2009,CCCC(CC)O,407
2010,CCC(CC(C)C)O,420.15
2011,COCC(COC)O,442.15
2012,CCCCC(CCCC)O,468.15
2013,CCCCCCC(CC)O,467.9
2014,CC(C)(C)CCO,416.15
2015,CC(C)CC(C)(C)O,406.15
2016,CCCCC(C)(C)O,415.15
2017,CCCCCC(C)(C)O,446.15
2018,CCC=C(C)C,340.45
2019,CC(CC=C)O,389.15
2020,CC(C)CNC,341.65
2021,CC(C)C=C(C)C,356.45
2022,CC(CC(C)O)O,491.15
2023,CCC(C)NC(C)CC,408.15
2024,CC(C)CCCO,424.15
2025,CCCCC(C)O,409.15
2026,CCCC#C,313.05
2027,CCC#CC,329.15
2028,CCCNC,336.15
2029,CC(=C)CCC(=C)C,387.15
2030,CC(C)CCC(C)O,424.15
2031,CCCCC=C(C)C,395.15
2032,CC(C)CCCCO,443.15
2033,CCCCCC#C,372.95
2034,CCCCCCCC(C)O,466.65
2035,CCCCCCC#C,399.35
2036,C(CCCO)CCO,481.15
2037,C(CCCO)CCCO,535.15
2038,CCCCCCCCCCCCCCC#C,557.15
2039,CCCCCCCCCCCCCCCO,591.15
2040,CCCCCCCCCCCCCCCCCCCCO,629.15
2041,CCCCCCCCCCCCCCCCCCCCCCCCCCCCCCC,731.15
2042,CCCCCCCCCCCCCCCCCCCCCCCCCCCCCCCCC,748.15
2043,CCCCCCCCCCCCCCCCCCCCCCCCCCCCCCCCCCC,762.15
2044,CCC(C)CCCC(C)CCCC(C)CCCC(C)C,442.65
2045,CCC=CC,309.45
2046,CCCCCCCCCCCCCCCCCCCCCCO,680.15
2047,CC=CC(C)C,332.15
2048,CC(CO)C(C)O,473.15
2049,CC=CC(C)(C)C,349.89151
2050,CC(C)CC=C,327.15
2051,CCCCC#C,344.35
2052,CCC(C)C=C,327.15
2053,CCC(=C)CC,337.85
2054,CC(C)(C)CC=C,345.65
2055,CCCC(=C)C,335.25
2056,CC(=C)CC=C,329.15
2057,CC(=C)CCO,405.15
2058,CC#CCO,413.15
2059,CC(=CC=C(C)C)C,408.35
2060,C=COCCO,412.15
2061,CCCCCCCCC#C,447.15
2062,CC(C)(CN)N,404.15
2063,CCC(=CC)CC,368.15
2064,CCCCCC(C#C)O,464.5
2065,C=CCCCO,409.15
2066,CCCCCCCC(C)C,440.15
2067,CC(C)(C)C#C,311.15
2068,CCC(C)C(C)C(C)C,412.15
2069,CC(=CC=C)C,349.15
2070,CCC(C)CC(C)CC,408.15
2071,CCCCN(C)C,365.35
2072,C#CCCO,402.15
2073,CCC#CCC,354.65
2074,CCCCCCCCCCCCN,528.15
2075,CCCCCCCCC(C)CC,485.15
2076,CCC(C)(CC)CC,391.35
2077,CCC(CC)(CC)CC,419.35
2078,CCC(C(C)C)C(C)C,396.15
2079,C=CC(C(C=C)O)O,414.15
2080,CC(C)CC(C)C(C)C,404.15
2081,CC(C)(C)CC(C)(C)C,395.35
2082,CCCCCC(C)(C)C,406.15
2083,CC(C)(C)CCC(C)(C)C,410.15
2084,CC(C)CCCC(C)C,408.15
2085,CC(C)CCCCC(C)C,433.15
2086,CC(C)CN(CC(C)C)CC(C)C,467.15
2087,CCCCCCCCN(CCCCCCCC)CCCCCCCC,652.15
2088,CCCCCCC(CO)O,566.56
2089,CCCCC#CC,386.75
2090,CCCCCCCCC(C)O,484.18843
2091,CCCCCCCCCCCCC=C,524.25
2092,CCCCCCCCCCNCCCCCCCCCC,632.15
2093,CCC(C)(C)CO,410.15
2094,CC(C)C(C)C(C)(C)C,406.15
2095,CCC(C)(C)CCC(C)C,426.15
2096,CC(CO)OC,403.15
2097,CCCCCCCCCCCCCCCCCO,597.15
2098,CCCCC(CC)COCCO,504.15
2099,CCCCCCCCCCCCCCCCC(C)C,599.15
2100,CCCCCCCCCCCCCCCC(C)C,584.2
2101,CCCCCCCCCCCCCCC(C)C,570.15
2102,CCCCCCCCCCCCCC(C)C,554.75
2103,CCCCCCCCCCCCC(C)C,538.35
2104,CCCCCCCCCCCC(C)C,521.05
2105,CCCCCCCCCCC(C)C,502.65
2106,CCCOCC(C)O,423.35
2107,CCOCC(C)O,404.15
2108,CC=CC(C)O,395.15
2109,CCC(C)(CCC(C)C)O,446.15
2110,CC=CC=C,317.15
2111,CCC=CCO,411.15
2112,CCCCC(=C)CC,393.15
2113,C=CCCCCCCC=C,437.15
2114,CCCCCCCCCC(C)O,504.15
2115,CCCCCCCCCCCC(C)O,538.15
2116,CCCCCCCCCCCCCCCCCN,609.15
2117,CCCCCCCCCCCCCCCCCCN,623.15
2118,CC(C)CCCC(C)CCCC(C)CCCC(C)C,579.15
2119,CCCC#CCCC,406.65
2120,CCCCC#CCCCC,451.15
2121,CCCCCCCCCN,471.15
2122,CCCCCCCCCCCCCCN,562.15
2123,CCCCCCCCCCCCCCCCN(C)C,603.15
2124,CCCCCCCCN(C)C,465.15
2125,CCCCCCCN(C)C,445.15
2126,CC(C#C)O,379.65
2127,CCCCCNCCCCC,477.15
2128,CCC(C)CCCC(C)C,431.15
2129,CCCCCCC(CCC)O,487.15
2130,CCC(C(=C)C)O,407.65
2131,C(CCCN)CCN,470.15
2132,CCCCCCCCCCCCCCOCCO,680.28
2133,CCCC(C)CC(C)C,405.15
2134,CC(C)CC(=C)C,354.75
2135,CCC(C)CCC(C)C,408.15
2136,CCCC(CC)CCC,414.15
2137,CCCCCC(C)CC,417.15
2138,CCCCC(C)CCC,415.15
2139,C=CC=CC=C,355.35
2140,CCCC(C)C(C)O,426.15
2141,CCCC(C)(C)CO,438.9
2142,CCCCC(C)(C)CO,445.56825
2143,CCCCCC#CCCC,437.4
2144,C=CCCCC=C,362.15
2145,C#CCCCCCC#C,438.15
2146,CC(C)CCCCCCO,479.15
2147,CC(CCC=C(C)C)C=C,439.15
2148,CCCCCCCCCCCCCCC(C)CO,680.3
2149,CC(CCO)OC,432.15
2150,CCCCCCCCCCCCCCCN,585.15
2151,C(COCCOCCOCCOCCOCCO)O,490.15
2152,CCCC=C(C)C,368.15
2153,C(CCCCCCN)CCCCCN,572.15
2154,CCCCCCCCCCCC(C)CCC,565.24
2155,CCCOCCO,425.15
2156,CCCCCC#CC,411.15
2157,CCCCCCC(C)CCC,461.15
2158,CCCCCCCCCCCCC(C)CC,539.5
2159,CC(CCC(C)O)O,502.15
2160,CCCCCCCCCCCCNCCCCCCCCCCCC,453.15
2161,CN(C)CCN(C)CCN(C)C,471.15
2162,CC(C#CC(C)O)O,529.36
2163,C(CO)C(CO)O,567.22
2164,CCC(CC)CC(C)C,407.15
2165,CCCC(C)(CC)CC,413.15
2166,CCC(C)C(CC)CC,413.15
2167,CC(C)(C)CCCO,433.15
2168,CCCCCCCCCCCCCCCCCCCCCCCO,664
2169,CC(=CCC=C(C)C=C)C,346.15
2170,CCCCCC(C=C)O,447.15
2171,CCCC(C)C=C,357.15
2172,CCC(=C)C=C,346.15
2173,CCC(C)C(=C)C,357.15
2174,CCC(C)(C)C=C,350.15
2175,CC(C)CC=C(C)C,386.15
2176,CCCCN(C)CCCC,432.15
2177,CCCCCCCCCCCCCCCCCCC=C,614.15
2178,CCCCCCCC#C,423.95
2179,CC(CCO)CC(C)(C)C,466.15
2180,CCCC(CC=C)O,425.25
2181,CC(C)CCC(C)(C)C,397.15
2182,C=CCCCCC=C,390.25
2183,CC(C)CCC(C)(C)O,427.65
2184,CCC(C)CC=C,360.15
2185,CCC(C)CCCC(C)CCCC(C)C,525.1
2186,CCCCCC(C)CCCC(C)CCCC(C)C,610.12
2187,CCCCCCC(CCCC)CO,521.15
2188,C(CCCCO)CCCCO,589.88
2189,CC(C)OCC(C)O,410.65
2190,CCC(C(C)(C)C)O,409.15
2191,CC(C)CCC(C)C(C)C,413.06493
2192,CCC(CC)C=C,357.15
2193,CC(=C)CCC=C,361.15
2194,CCCC=CC,341
2195,CCC(C)CCC=C(C)C,436.15
2196,C(CNCCNCCNCCNCCN)N,653.15
2197,CC=CCO,392.65
2198,CCCCCCCCCCCCCCCCCCCCCCCCCCCCCCCCCCCCCCCC,795.15
2199,CC(CC(C)(C)C)CC(C)(C)CC(C)(C)C,519.15
2200,CC(C(CO)O)O,443.15
2201,CCCCN(CC)CC,409.15
2202,CC(CCO)CCO,521.55
2203,CCC(CC)COCCO,496.8
2204,CC(CCC=C(C)C)O,459.15
2205,CC=C(C)CO,410.15
2206,CCCCCCCCCCCCC(C)O,557.15
2207,CCCC(C=C)O,407.15
2208,CC(C)C(C=C)O,398.15
2209,CCCCC(C)C=C,384.15
2210,CCCCNCCCCCCNCCCC,620.26
2211,CCC(C)C(C)(C)O,402.9
2212,CCCCC(C=C)O,426.9
2213,CC(C)CCCC(C)C=C,428.15
2214,CC(C)CCCC=C,386.15
2215,CCCCOCC(C)O,445.15
2216,CCCCC(C)N,389.15
2217,CCCCCCCCCCC(CCCCCCCC)CO,748.94
2218,CCCCCC(C)(CC)O,462.15
2219,C=CCCCCCCCCC=C,481.65
2220,CCCCCCCCCCCCCNCCCCCCCCCCCCC,844.65
2221,CCCCCCC(C)CC,441.15
2222,CCCCCC(CCC)O,465.65
2223,CCCC(C)O,392.25
2224,CCCCC(=C)C,365.15
2225,CCCCCCCCC(C)CCCCCC,565.24
2226,CCC(CC)(C#C)O,411.15
2227,CC(C)CC(C)CO,431
2228,CCCCCCCCCCCCCCCC=C,574.15
2229,CCCCCCC(CCCCC)O,565.9
2230,CCC(CC)(C(CC)(CC)O)O,503.15
2231,CCCCCCCCCC(C)C,484.15
2232,CCCCCCCCCCCCCCCCCCCCCCCCCCCCCCCCCCCCCCCCCCCC,821.15
2233,CC(C)(C)CCC=C,375.15
2234,CCCC(=C(C)C)C,395.15
2235,CCCCCC(C)C(C)C,437.15
2236,CCC(C)CC(C)(C)CC,430.15
2237,CCCCCCCCCCCCCCCCCCCCCCCCCCCCCCCCCCCCC,778.15
2238,CCC(C)(CCCC(C)CCCC(C)C)O,630.87
2239,CCC(C)(C(C)(C)C)O,426.41115
2240,CC(C)C(C)C=C,355.15
2241,CCCCC=CCCCC,442.75
2242,CCCCCCCCCCCCOCCO,634.52
2243,CCCCOCC(C)OCC(C)O,564.54
2244,CCC(C)N,336.15
2245,CCC(C)C(C)CO,437.15
2246,CCCCCCCCCCC(C)O,522.15
2247,CCCCCCCC(CCCC)O,565.9
2248,CCCCCCC=CCCCCCC,524.08
2249,C(CN)CNCCNCCCN,628.04
2250,CCCC(=CC)C,367
2251,CCC(=C(C)C)C,369.15
2252,C=CCCCCCCCCO,509.15
2253,COCCCOCCCOCCCO,587.84
2254,CCCC(C)CCO,445.35
2255,CCCCCCCC(C)CCCCC,519.48
2256,CCCCCCCCCCCCCC=C,541.55
2257,CC(COCC(C)OC)O,495.9
2258,CCC(CC)CCC(C)C,432.86
2259,CCCC(C)(C)C(C)(C)C,433.15
2260,CC(CC(C)(C)C)CC(C)(C)C,451.15
2261,CCCCC(C)C(C)C,413.75
2262,CCCCCCCCCCCCCCCCCCCCCCCCCCCCCCCCCC,756.15
2263,CCCC(C)CC(C)(C)C,421.45
2264,CCCC(C)C(CC)O,430.15
2265,CC(C)CCCCC(C)CO,519.7
2266,CCCCC(C)CCCC,437.15
2267,CCCCCC(=C)C,392.15
2268,CC(C)C(C)CC=C,382.15
2269,CCCC(C)C(C)(C)C,407.15
2270,CCC(C)CC(C)(C)C,400.15
2271,CCCC(C)(C)C(C)C,410.15
2272,CCC(C)(C)CC(C)C,403.75
2273,CCC(C)C(C)(C)CC,412.15
2274,CCC(CC)C(C)(C)C,407.15
2275,CCC(C)(CC)C(C)C,415.15
2276,CC(C)C(C)(C)C(C)C,414.65
2277,CC(C)C(C)CC(C)(C)C,421.05
2278,CCCCCCC(C)CCC(C)C,488.15
2279,CCCCCC(C)CCCC(C)C,496.16
2280,CCCC(C)CCCC(C)CCC,496.16
2281,CCCCCC(C)CCC,439.15
2282,CCCCC(C)CCC(C)C,452.15
2283,CCCC(C)CCCC(C)C,452.15
2284,CCC(C)CCCC(C)CC,457.15
2285,CCCCCCCCC(C)(C)C,474.15
2286,CCCC(C)CCCC(C)CC,475.15
2287,CCCCCCCCCC(C)CC,503.45
2288,CCCCCCCCC(C)(C)CC,493.81
2289,CCCCCCCC(C)(C)CCC,493.81
2290,CCCCCCC(C)(C)CCCC,493.81
2291,CCCCCC(C)(C)CCCCC,493.81
2292,CCCCCCC(C)C(C)CCC,496.16
2293,CCCCCCCC(C)CC(C)C,489.15
2294,CCCCCC(C)CC(C)CCC,496.16
2295,CCCC(C)CCCC(C)CCCC(C)CCCC(C)C,678.32
2296,CCCCCCCCCCCCCCCCCC=C,604.15
2297,CC(CCCC(C)(C)O)C=C,513.59
2298,CCCCCCCCCCCCCCCCCCCCCCCCC=C,684.15
2299,CCOC(C)CO,413.65
2300,CC(C)CCC(C(C)C)O,448.15
2301,CCC(C)C(C(C)CC)O,452.15
2302,CC(C)C(C)CO,415
2303,CCCCCCCCCCC(C)CCCCCC,611
2304,C=CCCCCCCCCCC=C,490.4
2305,C=CCCCCCCCCCCC=C,513.28
2306,CC(C)(C)NC(C)(C)C,366.65
2307,CCCCCCCC(C)CCCCCCC,565.24
2308,B(CCCC)(CCCC)CCCC,482.15
2309,CC(=CCCC(=C)C=C)C,444.15
2310,CC(C)CC(C)(C)CO,438.76616
2311,CCCCOCCOCC(C)O,507.15
2312,CC(C)(CO)CO,480.15
2313,C(C(CO)(CO)COCC(CO)(CO)CO)O,997.44
2314,CC(C)CC(C)(C#CC(C)(CC(C)C)O)O,528.15
2315,CC(C)(C)C=CC(C)(C)C,424.15
2316,CCC#CC(C)(C)CC,411.29
2317,CCCCCC(CCCCC)O,501.15
2318,CC(CO)OCC(C)OCC(C)O,535.15
2319,CCCCCCCCCCC(C)CCCC,565.24
2320,CC(CC=C)(CC=C)O,431.55
2321,CC(CO)OCC(C)O,542.78
2322,CC(C)CCCCCCCO,520.14
2323,CCCCCCCC=CC,446.55
2324,CCCCCCCCCCC=CC,501.2
2325,CCCCC=CCC,396.15
2326,CC(C)CCC(=C)C,384.75
2327,CCCCCCC(C)CCCCCC,519.48
2328,CCCC#CC,357.45
2329,CCCCCCCCCCCC=CC,513.15
2330,CCCCCCCCCCC(CCC)O,611.66
2331,CCCCCCC=CC,420.15
2332,CC(C)CCCCCCCCCCO,588.78
2333,CCC=CCCC=CCO,369.65
2334,CCCCC(CC)N,414.15
2335,CC(C)CCCCC(C)CCCC(C)C,541.48
2336,CCCCC(C)C(C)O,439.15
2337,CCCCC=CCO,456.1
2338,CCCCCCNC,400.15
2339,C(CCCCCO)CCCCO,574
2340,CCCCCCCCCCCCCOCCO,657.4
2341,CC/C=C/C=C,337.72
2342,CCCCCCCCCCCCCN,546.15
2343,CCC(COC)O,407.15
2344,CCCC(CCC=C)O,471.06
2345,CCC(C)CCC(C)O,445.15
2346,CC(CCC=C)O,412.15
2347,CCCCCCCCCCC(C)CCCCCCCCC,679.64
2348,CCC(C)CCCCC(C)CCCC(C)CCCC(C)C,678.32
2349,CCCCCCC(C)CCCC(C)CCCC(C)C,633
2350,CCCCCC(C)CCCC(C)CCC,541.92
2351,CCCCCCCCC(CCC)CCCC,565.24
2352,CCCCCCCCCCC(CC)CCC,565.24
2353,CCCCCC(C)CCCC(C)CCCC(C)CCCC(C)C,724.08
2354,CCCCCCC(C)C(C)(C)C,473.15
2355,CCC=CCC=CCCO,506.02
2356,CCCCCCCCCCCCCCCC(C)O,601.15
2357,C(C(COCC(CO)O)O)O,727.14
2358,CCCCC(C)CO,441.65
2359,CC(C)CCCC(C)C(C)C,452.15
2360,CCC(CO)C(C)O,520.36
2361,CCCCC(CC)CC,416.25
2362,CCN(CC)CCN,417.15
2363,CCN(CC)CCCN,438.15
2364,CC(C)(C)CC(C)(C)N,413.19803
2365,CC(C)CC(C)(C#C)O,421.15
2366,CCCCC(CC)(CO)CO,542.15
2367,CC(C)CC(C)CC(CC(C)C)O,498.55
2368,CCC(C(C)CO)O,487.65
2369,CC(C)C(C)C(=C)C,380.65
2370,CC(CCN)N,413.15
2371,CCCN(C)C,338.15
2372,CC(C)(CCO)OC,448.15
2373,C/C=C/C=C,315
2374,CCCCCCCCCCCCCCCCCCO.CCCCCCCCCCCCCCCCO,598.15
2375,C(COCCOCCOCCOCCO)O,702.44
2376,C/C=C/C,274.03
2377,CC(=C)C.CC(=C)C=C,396.72
2378,CCCCCCCCCCOCCO,588.76
2379,CC(C)CCCCCCCCCCCCCCCO,703.18
2380,CC(=CCCC(C)(C#C)O)C,511.51
2381,CCCCCCN(CCCCCC)CCCCCC,534.85
2382,CCNCCN(CC)CC,327.65
2383,CN(C)CCN,377.15
2384,CN(C)CCCCN(C)C,441.15
2385,CC(=CC(=C)C)C,367.15
2386,CC(=C=C(C)C)C,356.15
2387,CCC#CCCO,435.15
2388,CC(C)(C)CCCCC(C)(C)C,459.00627
2389,CCC(C)(CO)CO,498.95
2390,CC(C=C)C=C,325.15
2391,C(C(CO)(CO)COCC(CO)(CO)COCC(CO)(CO)CO)O,1315.39
2392,CCCC(C)(CO)CO,507.15
2393,CCCCCCCCC(CCC)O,565.9
2394,CC#CCCO,427.15
2395,CCCCCCCCCCC(CC)O,588.78
2396,CC(C(=C)C)O,387.15
2397,CCCCCCCCCC(C)CO,565.9
2398,CNCCN(C)CCNC,472.54
2399,CC(=CCC[C@@](C)(C=C)O)C,360.65
2400,CCN(CC)CCN(CC)CC,465.15
2401,CCCCCCCCCCCCCCCCCCCCCCCCCCO,886.66
2402,CCCCCCCCCCCCCCCCCCCCCCCCCCCCO,932.42
2403,CC(C)(CO)O,450.15
2404,CCCCCCCCCCCCCCCCCCCCCCCCCCCCCCO,978.18
2405,B(C)(C)C,252.95
2406,CCC(C)(C)N,350.15
2407,CCCC(CC)(CC)O,433.15
2408,CCCC(CC)(CCC)O,452.15
2409,CC(=C)CCCC(C)(C=C)O,510.59
2410,CC(C)C#C,301.15
2411,C=CCCO,385.15
2412,CNCC=C,337.15
2413,C#CCCC#C,361.15
2414,C(CCCCO)CCCO,418.15
2415,CCCCCCCCCCCCCCCCC#C,586.15
2416,CC(C)CCN(CCC(C)C)CCC(C)C,508.15
2417,CCC=CC(C)(C)C,374.05
2418,CCCC=CC(C)C,387.13
2419,CC(=CCC=C)C,364.98821
2420,CC=CCCO,413.65
2421,CCCC#CCO,438.06
2422,CCCCCCCCCCC#C,488.15
2423,CCCCCCCCCCCCC#C,525.15
2424,CCCCCCCCCCCCCC#C,553.15
2425,C=CCCCCO,428.9
2426,C#CCCCCC#C,408.65
2427,CCC(C)N(C)C,366.4
2428,C=CC(C=C)O,388.65
2429,C#CCCCCO,419.18
2430,CC(C)N(C)C,339.15
2431,CCCCCCCCCCN(C)C,507.15
2432,CCCCCCCCCCCCCCCCOCC(CO)O,840.66
2433,CCCCOCCOCCOCCOCCO,656.02
2434,COCCCO,339.15
2435,CCCCCCCCCCCCCCCCCCCCC=C,640.15
2436,CCCCCCCCCCCCCCCCCCCCCCCCCCCCCCC(C)C,954.2
2437,CCCCOCCOCCOCCOCCOCCO,724.2
2438,CCCCCC(CC)(CC)O,472.15
2439,CCCCCCCCCCCCCCCCCCOCCO,771.8
2440,CN(C)CC=C,335.15
2441,CC(CO)CO,494.15
2442,CCCCCCCCCC#C,469.15
2443,CCCCCCCC#CC,457.75
2444,CCCCCCC#CCC,320.33719
2445,CCCCC=C=C,378.65
2446,CCCCCCCN(CCCCCCC)CCCCCCC,603.15
2447,CCCCCCCCNC,351.65
2448,CCCCCCCCCCCCCCCCCCNC,620.15
2449,CCCCCCCNCCCCCCC,539.15
2450,CCCC#CCC,382.35
2451,CC(C)CCCCCN(CCCCCC(C)C)CCCCCC(C)C,759.84
2452,CCCCC(CCCC)CO,491.65
2453,C#CCCCCCCCCCO,533.58
2454,CC(C)CCCC(=C)C,415
2455,CCCCCCCCCC(CCCCCCCCC)N,706.41
2456,CC(C)CCC=C,358.15
2457,CCCCCC(CO)O,363.15
2458,CCCC(C)(C)CC(C)C,422.7
2459,CC(C)C(C(C)C)N,399.15
2460,CCCCCCCCCCCCCCCCCCN(C)CCCCCCCCCCCCCCCCCC,1058.6
2461,C(CN(CCN)CCN)N,370.65
2462,C#CCCCCCCCC#C,431.52
2463,CCN(CC)C#CC,381.2
2464,CCOCCOCCOCCOCCOCCO,678.44
2465,CCCCCCCCN(C)CCCCCCCC,410.15
2466,CCCN(CC)CC,385.2
2467,CCCCN(CC)CCCC,445.65
2468,CCCCCCC(=C)C,417.15
2469,C(CNCCN)CNCCN,605.16
2470,CC(C)NC,326.45
2471,C=CCCCCCC=C,414.15
2472,CCC(C)(C)C(C)(C)CC,443.15
2473,C(O)O,406.84
2474,CCCCCCCCC(CO)O,528.2
2475,C#CCCCO,423.15
2476,C(COCCOCCOCCOCCOCCOCCO)O,515.65
2477,CCOCCOCCOCCOCCO,610.26
2478,CCN(CC)CC=C,383.15
2479,C(CCCCCCO)CCCCCO,658.52
2480,CC(C)(C)CN,355.15
2481,CCCCCC(CC)CC,438.15
2482,CCCCCCCCCCCCCCCCCCCO,618.15
2483,CCC#CCO,423.15
2484,CC(=C)CN(CC(=C)C)CC(=C)C,357.15
2485,CN(C)CCCNCCCN(C)C,503.45
2486,C[C@@H](CCCC(=C)C)CCO,516.7
2487,CCCOCCOCCO,487.95
2488,CCN(C(C)C)C(C)C,387.15
2489,CC(C)CN(C)C,353.15
2490,CCCCCCCCCCCN,502.15
2491,CCCCCCCCCCCCNC,382.15
2492,CCC(=C)C(C)C,359.45
2493,CCC(=C=C)C,343.15
2494,CC(C)NC(C)(C)C,371.15
2495,C(CCCCCCCCO)CCCCCCCO,750.04
2496,CCCCCCCCOCCO,543
2497,CCCCCCCCCCCCCCCCCCCCCCC=C,663.15
2498,CC(C)CCCC(C)(C)O,443.15
2499,CCCCCCCCCCCCCCCCNC,594.15
2500,CC[C@@H](C)O,372.4
2501,CCCCC#CCCO,370.15
2502,CCCCC#CCC,408.75
2503,CCCCCCCCCCCCCCCCCCCCCO,772.26
2504,CCCCCCC(C)(C)C,427.15
2505,CCCCC(C)(C)CCC,430.42617
2506,CCCCCCCCCCCCCCCCCCCCCCCCCCC(C)CC,885.56
2507,CC(C)CC(CC(=C)C=C)O,512.94
2508,CC(=CC(CC(=C)C=C)O)C,517.42
2509,CCCCCCCCCCCCCCC(C)O,587.15
2510,CCCCC(C)CCCC(C)CCCC(C)C,587.24
2511,CC(C)CCCC(C)C(C)O,519.26
2512,CCCCC(CC)CCC,436.15
2513,CCCCC(C)C(C)CC,435.15
2514,CCC(C)CCC(C)CC,433.95
2515,CCCC(C)C(=C)C,384.15
2516,CCCC(CC)C(C)C,411.15
2517,CCCCCC(C)CCC(C)CC,496.16
2518,CCCC(C)CCCCC(C)CC,496.16
2519,CCCCC(C)C(C)CCC,455.15
2520,CCCCCCCC(C)C(C)C,479.15
2521,CCCCCCCCCCC(C)CCCCCCCC,656.76
2522,CCCCCCCCCCCC(C)CC,539.45
2523,CC(C)CCCC(C)(C=C)O,513.59
2524,CCC(C)(CCC=C(C)C)O,521.39
2525,CCC(C)CCCC(C)(C)O,516.91
2526,CCCCCCCCC(C)CO,543.02
2527,CCCCC(C(C)C)O,426.65
2528,CCC(C)CC(CC)O,427.15
2529,CCC(CCC(C)C)O,438.65
2530,CCC(C)(CC)CO,429.23605
2531,CCCCCCCCCCCCCCCCCCCCCCCCCCCCC=C,721.15
2532,CCCCCCCCCCCCCCCCCCCCCCCCCCCCCCC=C,738.15
2533,CCCCCCCCCC(=C)C,484.75
2534,CCCCCCCCCCCCCCCCCCCCCCCCCCC=C,703.15
2535,CCC(CC)C(CC)CC,433.15
2536,CCCCC(CC)(CC)O,455.35
2537,C(CCCCCCCO)CCCCCCO,704.28
2538,CCNC(C)C,341.15
2539,CCCCCC=CCC,420.65
2540,CCCNCC,358.15
2541,CCCNC(C)C,369.35
2542,CCCC(C)(CCC(C)C)O,465.15
2543,CCC#CCC(C)O,460.5
2544,CCC(C)C(C)CC(C)C,429.66
2545,CCC(C)C(C)C(C)CC,435.65
2546,CCCCCCC(C)(CC)O,517.35
2547,CCCCCCCCCC(CCCC)O,611.66
2548,CCCCCCCCCCCCC(CO)O,703.84
2549,CCCCCCC(C=C)O,466.65
2550,COCCOCCOCCOCCOCCO,655.56
2551,COCCOCCOCCOCCO,557
2552,CCCCCC(C)(CCC)O,517.35
2553,CCCCCC(CCO)O,566.56
2554,C=CCOC(CO)CO,539.9
2555,CCCCCCCC(C)CC,465.15
2556,CC(COC(C)(C)C)O,417.15
2557,CCC(C)(C)C(C)(C)C,413.35
2558,COCC(CO)O,493.15
2559,CCCCCCCCCCC(CO)O,658.08
2560,CCCCC(C)CC(C)C,427.15
2561,CC(CC(C)(C)C)C=C,392.6
2562,CCCC(CO)O,483.65
2563,CCCCC(CC)C(C#C)O,509.82
2564,CCCCCCCCCCCCCC(C)CC,571.15
2565,CCCCCCCCCCCCC(C)CCCCC,633.88
2566,CCCCCC(C)CCCC,459.15
2567,CCCCCCCNC,441.15
2568,CCC(O)OCC,428.16
2569,CCCC(C)C(C)C(C)C,429
2570,C([C@H](C([C@@H](CO)O)O)O)O,773.58
2571,CCCCCCC(C)CCCC,479.15
2572,CCCCC=CCCC,418.15
2573,CC(CO)C=C,393.65
2574,CCCCCCCCCCCCCCC(C)CC,586.15
2575,CCCCCCCCCCCCCCCCC(C)CC,613.15
2576,CCCCC(CO)O,507.15
2577,CC(C)(C)CC(C)(C)O,419.15
2578,C(C#CC#CCO)O,539.24
2579,CCCCN(CCC)CCCC,463.72
2580,CCCC(C)(C(C)(C)C)O,443.15
2581,CCCCCCCCC(CCCCCC)CO,657.42
2582,CC(C(C)(C)O)O,448.15
2583,CC(C)C(C)(C#C)O,406.15
2584,CNCC#C,356.15
2585,CC(C)CCC(CO)C(C)C,484.15
2586,CC(C(C)O)C(C)O,484.65
2587,CC(C)CCCC(C)O,446.15
2588,CCCCCCCCCCCCCC(C)O,572.15
2589,CCCCCCCCCCCCOCC(CO)O,749.14
2590,CCCCC(CC)CCC(CC(C)C)O,534.65
2591,CCCCCCCCCCCCCCC(CO)O,749.6
2592,CCC(C)C(C(C)C)O,433.76714
2593,CCCC(C(C)(C)C)O,429.15
2594,CCC(C)(CC(C)C)O,424.15
2595,CCC(C)CCCO,444.28091
2596,CCCCCCCCCCCCCCCCCC(C)CC,679.64
2597,CCCCCC(C(C)C)O,454.65
2598,CCCCCCC(CCCC)O,502.15
2599,CCCCCCCCC(CC)O,502.15
2600,CCCCCCCC(CCC)O,543.02
2601,CCCCCCCCCC(CCC)O,588.78
2602,CCCCCCCC(CCCCC)O,588.78
2603,CCCCCCCCCC(C)CCCC,542.36
2604,CCCCCC(CCCC)O,489.15
2605,CCC(C)CCC=C,386.15
2606,CC(=CC(C(C)(C)C=C)O)C,517.63
2607,CC(C)(C)C(CO)O,478.65
2608,C=CCCC=CC=C,393.15
2609,C[C@H](CCC=C(C)C)CCO,497.15
2610,CCC(CO)CO,497.92
2611,CCCCCCC(C)CO,497.26
2612,CCC(C(CC)O)O,506.65
2613,CC(C)CCCC(C)CCCC(C)(C#C)O,620.99
2614,CCCC(C(C)CC)O,438.15
2615,CCCCC(CC)CN(CC(CC)CCCC)CC(CC)CCCC,759.84
2616,CC(CC(=C)C)O,402.15
2617,CCCC(CC)C=C,383.45
2618,CCC(C)C(=C)CC,386.15
2619,CCCC(C)CCN,422.15
2620,CC(=C)C=CCC(C)(C=C)O,514.75
2621,CCCC(CC(C)C)CO,465.4
2622,CC(C)CCCCCCCCO,543.02
2623,CCCC(C)CCCO,457.15
2624,CC(CC(C)(C)C)O,410.4
2625,CCCCCCCCCCC(C)CC,521.85
2626,CCCCCCCCCCCCCCCC(C)CC,600.15
2627,CC(C)C(C)CCO,438
2628,CCC(C)NC,375.65
2629,CCC(C)CCC(C)C(C)C,453.15
2630,CCCCCCCC(C)C(C)(C)C,493.37
2631,CC(C)CC(C)(C)CC(C)(C)C,460.65
2632,CCCCCCCCCC(C)N,523.37
2633,CCC#CCCCCCCCCO,575.34
2634,CCCCCCCCCC(C)CCC,519.48
2635,CCCCCNC,390.15
2636,CCCCCCCCCCCC#C,507.15
2637,CC(C)CCCC(C)CCCC(C)CCCC(C)(C#C)O,734.95
2638,C=CCCCCCCCCCCCCO,608.78
2639,CC(C)(CCCC(C)(C=C)O)O,602.98
2640,CCCCCCCCCCCCCCNC,566.15
2641,[2H]C([2H])([2H])[2H],112.15
2642,CCCCCCCCCCCCCCCCCCCCCCCCCCCCCCCCCCCCCCCCCC,810.15
2643,CCCC(C)CC(=C)C,401.64
2644,CCCCCC#CCCO,376.4
2645,C#CO,327.66
2646,CCCCNC(C)C,397.65
2647,CCC(C(C)O)O,460.65
2648,CCCC(CCC)CO,452.15
2649,CCCCC(C(CO)O)O,635.42
2650,CCCCCCCC(C)CCCC(C)CCCCCC,656.32
2651,CC(C)CCCC(C)CCCCC(C)CCCC(C)C,592
2652,CC#CC(C)(C)O,434.83
2653,CC=C=CC,321.35
2654,CCCC=C=C,349.15
2655,CCC=C=CC,341.15
2656,CCC(CC)(C(C)C)O,433.15
2657,CCCCC(CCCC)(CCCC)O,585.99
2658,CCCC(C)(CCC)O,439.15
2659,CCCCCCCCC(CCCCCCCC)O,680.3
2660,CC(C)(CC=C)O,392.7
2661,CCC=CC=CC,368.08
2662,CCCCCCCCCC#CC,499.15
2663,CCCCCCCCCCCC#CC,536.15
2664,CCCCCCC=CCCC,455.44
2665,CC(=C)C(C)(C)C=C,372.65
2666,CC(C=C)C(=C)C,352.56
2667,CC(=CCCO)C,430.65
2668,CC#CCCC#CC,400.64
2669,CCCCCC=CCCCC,465.45
2670,CCC(=C(CC)CC)CC,431.4
2671,CCC(C)C#C,330.02093
2672,CCCCCCC(CCCCCC)O,588.78
2673,CC#CC(C)(C)C,356.15
2674,CCCC(C)(C)CCC,407.15
2675,CC#CC#CC#CC,409.64
2676,CC=CCCC=C,367.15337
2677,CC(CC=C)C=C,353.21985
2678,CCCCCCCCCCCCCCCCCC(C)C,612.15
2679,CCC(C)(C)CC=C,380.35
2680,CCCCCCCCCCCC(CC)O,611.66
2681,CCCC(C)C(C)(C)O,424.15
2682,CCCCCCCCCN(CCCCCCCCC)CCCCCCCCC,671.15
2683,CCCC(CCC)(CCC)O,467.14283
2684,CC(C)CCC#C,364.15
2685,CCCCCC#CCCCC,471.09534
2686,CC=C(C)CCC=C(C)C,436.48
2687,CC(C)CC(C)CC(C)C,419.6563
2688,CC#CC#CC,402.65
2689,C=C=C=C,286.86
2690,CCCCCCCC(=C)C,440.15
2691,CC(CCC(CCC(C)CC(C)(C)C)CCC(C)CC(C)(C)C)CC(C)(C)C,828.79
2692,CCCCC(=C(C)C)C,418.60815
2693,C#CC#CC#C,353.39
2694,CCCC(CCC)CCC,440.15
2695,CCCCCCCCC(C)(C)O,540.23
2696,CCCC(C)(C)C=C,377.15
2697,C=CC(=C)C(=C)C=C,369.12
2698,CCCCCCCC#CCCCCC,528.92
2699,CCCCCC(C)(C)CC,433.23942
2700,CC(=C)CC(=C)C,352.88
2701,CCC#CC#C,336
2702,CCCC(=CCC)CCC,433.65
2703,CCCC(=CCC)C,391
2704,CC#CC#C,328.15
2705,CC=CCCC=CC,397.65
2706,CCC(C)(CC)C=C,383.7
2707,CCCN(CCC)CC#C,408.08
2708,CCCCCCC=CCCCCC,501.2
2709,CC(C)CCCC(C)CCCC(C)CCO,633.66
2710,CCCCCCCCC#CCC,492.55
2711,CCCCCCCCC(CCCCC)O,611.66
2712,CCCCCC#CCCCCC,486.15
2713,CC(C)CC#C,334.15
2714,CC(=CCCC=C)C,392.3
2715,C=CCC(CC=C)(CC=C)O,507.39
2716,CCCCCCCCCC(CC)O,565.9
2717,CC#CCC#C,353.7
2718,CCCCCCCCCCOCC(CO)O,703.38
2719,C=CC=C=C,310.63
2720,CCCCC(C)CCCC(C)C,471.15
2721,CC(C)C=C=C,343
2722,C=CCCCCCCCC=C,462
2723,CC(C)(C)C(C(C)(C)C)O,439.15
2724,CC(C(C(C)O)O)O,518
2725,CCCCC(CC)C(C)C,434.36
2726,CC=CC=CC=CC,420.65
2727,CCCC(C)CCC(C)C,430.15
2728,CCCC(C)CC(C)CC,432.55
2729,CCCC(C)C(C)CCC,435.76386
2730,CCC(=C)C(=C)CC,392.86269
2731,CCC#CC#CCC,437
2732,CCC(C)C(C)C=C,385.15
2733,CCOC(CCO)OCC,496.34
2734,CCC=C(CC)CC,389.15
2735,CCCCCC=C(C)C,418
2736,CCCCC(C)(CC)CC,437.00143
2737,CC(C)(C)C#CC(C)(C)C,430.94
2738,CC=CC=CC=C,386.65
2739,CCCCCCCCCCCC(=C)C,523.15
2740,C=C=CCO,401.65
2741,CCCCCCC=CCC,432.56
2742,CCCCCCC#CC,432.32942
2743,CCCCC(C(C)(C)C)O,494.03
2744,CCCC(C)C(C(C)C)O,496.38
2745,CCC(C)CC(C)(CC)O,494.03
2746,CCC(C)C(C)(CC)O,424.15
2747,CC(C)CCC#CCCC(C)C,482.28
2748,CCCCCCC#CCCCC,483.16
2749,CCCCC(CC)CCC(CC)O,498.15
2750,CCC(CC)C(CC)O,437.15
2751,CCCCC(CC)C(=C)C,424.52
2752,CCCCC(=C(C)C)CC,432.32
2753,CCC(=C(C)C)CC,387.9
2754,CCC(CC(C)O)O,479.15
2755,CC(C)(CCCCC(C)(C)O)O,606.3
2756,CCCCCC(=C(C)C)C,431.75
2757,CCC(CC)CCC(CC)O,519.7
2758,CC(=C)CC(C)(C)O,405.15
2759,CCCCCC#CCC,429.79928
2760,CCCCC#CCCC,337.76475
2761,CCC(C)C#CC,372.69
2762,CCC(C)CC(C)C(C)C,433.86
2763,CCCC(C)C(C)(C)CC,435.06
2764,C=CC(C=C)(C=C)C=C,389.01
2765,CCCCCC#CCO,483.82
2766,CCCC(CC(C)O)O,543.24
2767,CC#CC(C)C,346.15
2768,CCCCCCCC#CCCC,483.16
2769,CC(C)(CCCCCCCCC(C)(C)O)O,697.82
2770,CCC(C)(C)C(C)(C)O,433.15
2771,CCCCC(C)(CCC)O,453.22759
2772,C#CCC#C,294.24
2773,CC(C)(CC(C)(C)O)O,537.66
2774,CCCCCCCCCCCCCCCC#C,572.16
2775,CCCCCCCCCCC#CC,518.15
2776,CC(=C)O,356.98
2777,C=C=CC=C=C,336.78
2778,CC=C=CC=C,387
2779,CCCCC(C)(CCCC)O,475.15
2780,CCCCCC(CC=C)O,493.94
2781,CCCCCCC#CCCCCCC,528.92
2782,CCCCCCCCC#CCCCCCCCC,415
2783,CC(C)(C)C(C(C)(C)C)C(C)(C)C,486.91
2784,CCC#CCCC(C)C,414.08
2785,CC(C)(C)CCCC(C)(C)C,436.15
2786,CCCC(C)C#C,358.15
2787,CCCCCCC#CCCCCC,506.04
2788,CC(CCC=C)(C#C)O,458.39
2789,CCC#CCC(C)C,391.2
2790,CCCC(C)CC(C)O,444.15
2791,CCCC(=C(CCC)CCC)CCC,523.84
2792,CCCCCCCCC(CCCC)O,588.78
2793,CCCC(C)C(CCC)O,496.82
2794,CCCCCCCCCC#CCC,511.15
2795,CCCCCCCCC#CCCC,506.04
2796,CCCCCCCC#CCCCC,506.04
2797,CCCCCCCCC#CC,479.15
2798,CCCCCCCC#CCC,473.15
2799,CCCCCCC#CCCC,471.65
2800,CCCCCCCCCCC#CCC,528.15
2801,CCCCCCCCC#CCCCC,528.92
2802,CC(C)C(C)(C)CC(C)(C)C,449.15
2803,CC(C)CC(C)(CC(C)C)O,455.15
2804,CC(C)(C)CC=C=CC(C)(C)C,475.13
2805,CCC(C)(C)CCC(C)(C)C,439.15
2806,CCC(C)(C)CC(C)(C)CC,453.15
2807,CCC(C)(C)CCC(C)(C)CC,462.9
2808,CC(C)(C)C(C(C(C)(C)C)C(C)(C)C)C(C)(C)C,597.64
2809,CCCC(C)(C)CC(C)(C)CCC,490.58
2810,CCC(C)(CC)CC(C)(CC)CC,490.58
2811,CCCCC(C)(C)CC(C)(C)CCCC,536.34
2812,CCCC(C)(CC)CC(C)(CC)CCC,536.34
2813,CCC(C#CC(=C)C)O,479.94
2814,CC(C)(C)C#CC(C)(C)C#CC(C)(C)C,551.11
2815,CCC(CCO)O,497.92
2816,CCCCCCCCCCCCCCCCCCCCCCCCCCCC=C,859.8
2817,CCCCCCCCC=C.CCCCCCC=C,606.2
2818,CC(C)CCCC(C)CCCC(C)CCCC(C)CCCCC(C)CCCC(C)CCCC(C)CCCC(C)C,1111.28
2819,CC(=CC(C)(C)CC(C)(C)C)C,471.74
2820,CC(C)CC[C@@H](CO)C(C)C,484.15
2821,C/C=C/C(C)C,331.73
2822,C(/C=C/CO)O,404.15
2823,CCCCCCCCCC(C)(C)C,494.15
2824,CCCCCCCCCCCCC(C)CCC,588.12
2825,CCCCCCCCCCCCCCCCCCCCCC=C,652.15
2826,CC(C)C(C)C(C)O,426.15
2827,CCCCCC(C)C(C)(C)C,452.15
2828,CCCC(C)CC(C)C(C)C,450.15
2829,CC(C)C(CO)CO,520.36
2830,CC(C)C(C)(C)N,446.65
2831,CCCC(CCO)O,520.8
2832,CC(C)CCCN,396.75
2833,C[C@H]([C@H](C)O)O,456.65
2834,CCCCCC(C)CO,453.15
2835,CCCCC(CC)CCC(CCC(CC)CC)O,582.15
2836,C[C@H]([C@@H](C)O)O,350.5
2837,C(CC(CCCO)O)CO,635.86
2838,CCC(C(C)C)(C(C)C)O,451.05
2839,C#CCN,357.15
2840,CC(CCC=C(C)C)CO,501.3
2841,CCCCCCC(CCC)CCCCCC,565.24
2842,CC(C)(CCO)O,481.15
2843,C[C@H](CO)O,461.15
2844,CCCCCCCCCCCCCCCCCC(CCCCCCCCCCCCCCCC)CCCCCCCCCCCCCCCC,1343.16
2845,CCCCCCCCCCCCCCCCCCCCCC(C)C,480.9
2846,CCCCCCCCCC(C)CCCCCCC,611
2847,CCCCCCCCCC(C)CCCCCC,588.12
2848,CCCCCCCCCCCCCCCCCCCCCC(CC)CC,794.04
2849,CCCCCCC(CCCCCC)CCCCCC,633.88
2850,CCCCC(CCCC)CCCC,492.15
2851,CCC(C)(C)C#C,343.15
2852,C#CCCCC#C,384.15
2853,CC(C)(C)CN(C)C,368.97
2854,CCCCCCCCCCCCCCCCN(CC)CC,472.65
2855,C[C@@H]([C@H](C)O)O,453.65
2856,CC(=CCC/C(=C/C=C/C(=C/C=C/C(=C/C=C/C=C(/C=C/C=C(/C=C/C=C(/CCC=C(C)C)\\C)\\C)\\C)/C)/C)/C)C,1167.92
2857,C[C@@H](CCO)O,475.04
2858,CCCC(CC)(CC)CC,439.45
2859,CC(C)CCCCCCC(C)C,477.15
2860,CCCCCCCCCCCCCCC(C)CCC,633.88
2861,CCCCC(C)CCO,459.15
2862,CC(C)CCCC(C)(C)C,422.15
2863,CCCCC(C(=C)C)O,470.94
2864,CC(=CCCC(=C)CCO)C,521.18
2865,CC(C)CCCCC=C,412.15
2866,CCCCC(C)CC=C,401.76
2867,CCCCCCCCC(=C)C,463.85
2868,CCCCCCC(C)CC=C,447.52
2869,CCNCC(C)C,361.70537
2870,CCCCCCCCCCC(CC)CC,542.36
2871,CC(C)C(C(C)C)C(C)C,430.15
2872,CCCCCCCCCCCCCCCCCCCCCCCCCCCCCCC(C)CC,977.08
2873,CCC(C)C=C(C)C,384
2874,C=CCCCCCCCCCCCCCCCCC=C,650.56
2875,CCCCCCCCCCCCCCCCCCCCC(C)C,725.4
2876,CCCCCCCCCCCCCCCCCCC(C)C,679.64
2877,CCCCCCCCCCCCCCCCCCCCCCCCCCC(C)C,862.68
2878,CCCCCCCC(CC)O,490.15
2879,CCCCCCCCCCCCCCCCC(C)CCCCCCCCCC,839.8
2880,CCCCCCCCCCCCCCC(C)CCCCCCCCCCCC,839.8
2881,CCCCC(C)C(CC)CCC,472.15
2882,CCCC(CC)C(CC)CCC,466.15
2883,CCCCC(C)C(C)CCCC,474.15
2884,CCCCCCCCCCC(=C)C,504.45
2885,CC(=CCCC=C(C)C)C,439.88857
2886,CCC(C)CC(=C)C,384.35
2887,CC(C)C(C)(C)C(C)(C)C,439.15
2888,CC(C(C)(C)C)C(C)(C)C,432.15
2889,CCCCC(C)CCCCC(C)C,496.16
2890,CCCC(C)CCCCCC(C)C,496.16
2891,CCC(C)CCCCCCC(C)C,496.16
2892,CCCCC(C)CCCC(C)CC,496.16
2893,CCC(C)CCCCCC(C)CC,496.16
2894,CCCCC(C)CCC(C)CCC,496.16
2895,CCCC(C)(CC)CCC,433.96
2896,CCCCCC(C)CCCCC,479.15
2897,CCCCCC(C)CCC(C)C,471.15
2898,CCCCC(C)CCC(C)CC,474.15
2899,CCC(C)CCCCC(C)CC,478.15
2900,CCCCCCCCC(CC)CC,496.6
2901,CCCC(CCC)(CCC)CCC,493.81
2902,CCCCCCCCC(C)C(C)C,501.15
2903,CCCCCCCC(C)C(C)CC,496.16
2904,CCCCCCC(C)CC(C)CC,496.16
2905,CCCCC(C)CC(C)CCCC,496.16
2906,CCCCCCCC(C)CCCC,496.6
2907,CCCCCC(C)C(C)CCCC,496.16
2908,CCC(=C)C(C)(C)C,390.03498
2909,CCCCC(C)CC(C)(C)C,443.15834
2910,CCC(CC)C(C)(C)O,429.15
2911,CCCCC(CC)CC(CC)O,498.55
2912,CCCC(C)(C)C(C)CC,434.26
2913,CCCC(CC)C(C)(C)C,429.26
2914,CCCCCCCC=CCCC,478.32
2915,CC(=CC(C=C)C(C)(C)O)C,517.63
2916,CCCCCCC=C(C)C,444.15
2917,C=CCCCCCCCCCCCCC=C,559.04
2918,CCCCCCCC(CC#C)O,533.14
2919,CC(C)CCCCCCCC=C,470.4
2920,CCCCCCC=C=C,405.47
2921,CCCC(C(C)O)O,478.15
2922,CCCCCCC(C)(C)CO,484.15
2923,CCCCCCCCCCC(C)CCC,542.36
2924,CCCCCCCCCCCCCCCC(C)CCC,656.76
2925,CCCCCCCCCCCCCC(C)CCC,611
2926,CCCCCCC(C)CC(C)C,473.15
2927,CC=CC=C(C)C,382.35
2928,CCCCCCC(C)C(C)C,448
2929,CCCCCCCC(C)CCC,483
2930,CCCCCCCCCCCCCC(=C)C,557.15
2931,CC(C)C(C)(C(C)C)O,429.65
2932,CC(=C)CCCC(C)(C)O,491.03
2933,CCCC(=C)CC,367.15
2934,CC=C(C)CC(C)C,385.15
2935,CCC(=C)CC(C)C,383.45
2936,C=CCCCCCCCCCCO,563.02
2937,CCCCCCCCCCCCCCCCCCCCC(C)CCCCCCCCCC,931.32
2938,CCC#CC(C)C,367.15
2939,CC(C(C)(C)C)N,374.15
2940,CCC(C)CCCCCO,479.15
2941,CCCNCC(C)C,397.15
2942,CCCCC(C)(C)CC,410.15
2943,CC(C)CCNC,377.15
2944,CCNC(C)(C)C,359.15
2945,CCCCN(CCC)CCC,440.84
2946,CC(C=C)C(C)C=C,374.95
2947,CCC(C)(C)CC(C)(C)C,426.96
2948,CCCCCCCCCCCCC(=C)C,540.15
2949,CCCC(CC)CC(C)C,429.36
2950,CCCC(CC)C(C)CC,435.36
2951,CCCC(C)C(CC)CC,436.16
2952,CCCCC(C)C(C)(C)C,430.76
2953,CCCCC(C)(C)C(C)C,433.2
2954,CCCC(C)(CC)C(C)C,436.86
2955,CCC(CC)C(C)C(C)C,434.06
2956,CCC(C)(CC)CC(C)C,434.26
2957,CCC(CC(C)C)C(C)C,427.26
2958,CCC(CC)C(C)(C)CC,436.06
2959,CCC(C)C(C)(CC)CC,435.26
2960,CCC(C)C(C)C(C)(C)C,429.88033
2961,CC(C)CC(C)C(C)(C)C,421.81711
2962,CCC(C)C(C)(C)C(C)C,437.74
2963,CC(C)CC(C)(C)C(C)C,426
2964,CCC(C)(C)C(C)C(C)C,435.31525
2965,CC(C)C(C)C(C)C(C)C,428.93767
2966,CCC(CC)(CC)C(C)C,442.86
2967,CCC(C)(CC)C(C)(C)C,442.66
2968,CCC(C(C)C)C(C)(C)C,428.45
2969,CCC(C)(C(C)C)C(C)C,442.59
2970,CCCCCC=CC(C)C,434.15
2971,CCCCC(C)CCCC(C)CCCC(C)CCCC(C)C,701.2
2972,CC(C)CCC=C(C)C,409
2973,CC(C)C(C)(C)C=C,378.17949
2974,CC(C=C)C(C)(C)C,377
2975,CCC(C)CCCC(C)CCCC(C)CCC=C(C)C,659.92
2976,CCCCCCCCCCCCCCCCC(C)CCCC(C)CCCCCCCCCC,953.76
2977,CCCCCCCCCCCCCCC(C)CCCC(C)CCCCCCCCCCCC,953.76
2978,CCCCCCCCCCCCCCCCCCCCC(C)CCCCCCCCCCCC,977.08
2979,CCCCCCCCCCCCCCCCCCC(C)CCCC(C)CCCCCCCCCC,999.52
2980,CCCCCCCCCCCCCCC(C)CCCC(C)CCCCCCCCCCCCCC,999.52
2981,CCCCCCCCCCCCCCCCCCCCC(C)CCCC(C)CCCCCCCCCC,1045.28
2982,CCCCCCCCCCCCCCCCC(C)CCCC(C)CCCCCCCCCCCCCC,1045.28
2983,CCCCCCCCCCCCCCCCCCC(C)CCCC(C)CCCCCCCCCCCCCC,1091.04
2984,CCCCCCCCCCCCCCCCCCCCC(C)CCCCCCCCCCC,954.2
2985,CCCCCCCCCCCCCCCCCCC(C)CCCCCCCCCCCCC,954.2
2986,CCCCCCCCCCCCCCCCCCCCCCCCC(C)CCCCCCCC,977.08
2987,CCCCCCCCCCCCCCCCC(C)CCCCCCCCCCCCCCCC,977.08
2988,CCN(CC)C(C)C,381.65
2989,CCCCC(CCCC)(CCCC)CCCC,585.33
2990,CCCCCCCCCC#CCCC,528.92
2991,CCCCCCCCC(C(C)C)O,509.15
2992,CC(=CCC=C(C)C)C,413.6
2993,CCC(C)CCCCCC=C,447.52
2994,CCCCCCCCC(C)CCC,496.6
2995,CCCCCCCCCC(C)C(C)C,520.15
2996,CCCCCCCCC(C)CC(C)C,507.15
2997,CCC#CC(C)CC,391.2
2998,CCCCCOCCO,458.15
2999,CCC(C)CCCC(C)(C)C,447.15
3000,CCC(C)CCCCCC(C)(C)C,493.37
3001,CCCCCCCCCCCCCCCCCCC(C)CC,702.52
3002,CCC(C)(C)C(C)(CC)O,438.65
3003,CCC(C)(C)C(C(C)C)O,444.86543
3004,CC(CCCC(=C)C)C=C,421.2
3005,CCCCCCCCCCCCCCCCCCCCCCCCCCCCCCCCCCCCCCCCCCC,815.65
3006,CCCCCCCCCCCCC#CCCCC,620.44
3007,CCC(C)C(CC)C(C)C,433.26
3008,CCCCCCCCCCCCCCCCC(C)CCCCCCCCCCCC,885.56
3009,CCCCCCCCCCCCCCCCCCC(C)CCCCCCCCCC,885.56
3010,CC(C)CC(C)C=C,377.15
3011,CCCC(C)CCCCCC=C,470.4
3012,CCCCC(C)CCCCC=C,470.4
3013,CC(=CCC(=C)C)C,389.7
3014,CCCCC(CCC)CCCC,470.15
3015,CC(=C)CCCCCC(=C)C,444.4
3016,CCCCCC(C)CC(C)C,451.15
3017,CCCC(CC)(CC)CCC,456.46543
3018,CCC(CC)CCC(CC)CC,476
3019,CCC(C)CCC(C)(CC)CC,472.15
3020,CCC(C)CCCC(CC)CC,473.15
3021,CCC(C)C(C)C(C)C(C)CC,472.15
3022,CCC(C)CCC(C)C(C)CC,473.15
3023,CCC(C)(CC)C(C)(CC)CC,483.15
3024,CCC(CC)CC(C)(CC)CC,470.15
3025,CCCN(CCC)CC=C,414.64
3026,CCCCCCCCCCCCCCCCCC(=C)C,653.76
3027,CC(C)CCCCCC=C,424.64
3028,CCCCCC(CC)CCC,457.15
3029,CCCCCC(C)CC(C)CC,473.15
3030,CCCCC(C)CC(C)CCC,471.15
3031,CCCC(C)CCC(C)CCC,472.15
3032,CCCCCCCCCCCCCCCCCCCC(C)C,702.52
3033,CCCCCCCCCCCCCCCCCCCCCCCCCC=C,694.15
3034,CCCCCCCCCCCCCCCCCCCCCCCC=C,674.15
3035,CCCCCCCCCCCCCCCCCCCCCCCCCCCCCC=C,730.15
3036,CCC(C)CC#C,364.15
3037,CC(=C=C(C(=C)C)C(C)(C)O)C,543.98
3038,CCCCCCC(C)(C)CC,455.15
3039,CCCCCCCC(CC)CC,480.22385
3040,CCCCCCC(CC)CC,461.15
3041,CCCCCCCC(C)CCCCCC,542.36
3042,CCCCCCCCCC(C)CCCCCCCCC,656.76
3043,CCCCC#CCO,460.94
3044,CCCCCC(C)(C)C(C)C,455.15
3045,CCC(CCCC(C)C)C(C)C,469.15
3046,CCC(C)(CC)C(C)O,471.15
3047,CCCCCC(C)C(C)O,496.82
3048,CC(CCCC(=C)C)CCO,516.7
3049,CCCCCCC(CCC(C)C)O,565.46
3050,CCC(C)C(C)CCC(C)C,451.15
3051,CCC(C)CC(C)CC(C)C,447.15
3052,CCC(C)CC(C)C(C)(C)C,447.15
3053,CCCCCCCCCCCCCCCCC(C)CCCC(C)CCCC(C)CCCCCCCCCCCC,1113.48
3054,CCCCC(CCC)CC(C)CC,496.16
3055,CCCCCNCC,409.15
3056,CCCCCCCCCN(C)C,488.15
3057,CC(C)N(C)C(C)C,383.65
3058,CCCCCCCCCCCCC#CCC,559.15
3059,CC(=C)C(CCC(C)(C=C)O)O,602.33
3060,CC(C)C(C)C(C)CO,456.15
3061,CCCCC#CC(C)(C)C,434.17
3062,CC(=CCCCC=C)C,416.85
3063,CCCN(C)CCC,388.4
3064,CCCCC(C)(CC(C)C)O,516.91
3065,C[C@H](CCO)O,475.04
3066,CCCC/C=C/CCCC,444.45
3067,CC/C=C/CC,340.21
3068,CC(C)/C=C/C(C)C,375.21134
3069,C/C=C(\\C)/C(C)C,364.15
3070,C/C=C(\\C)/C=C,350.15
3071,C/C=C/C=C/C,353.15
3072,CC(=CCC/C(=C/CC/C(=C/CC/C=C(/CC/C=C(/CCC=C(C)C)\\C)\\C)/C)/C)C,694.45
3073,C[C@H](C#C)O,382.65
3074,CCCC/C=C/CC,396.35
3075,CCC/C=C/C,341.15
3076,CCCC/C=C/C,371.15
3077,CC[C@H](C)CCO,426
3078,C/C=C/CCCO,432.15
3079,C/C=C/C=C/CO,437.38
3080,CC/C(=C/C)/C,340.82
3081,CC/C=C\\CC,339.55
3082,C/C=C(/C)\\C(C)C,365.15
3083,C/C=C/C=C\\C,356.15
3084,C/C=C\\CO,396.15
3085,C(/C=C\\CO)O,508.15
3086,CC(=CCC/C(=C\\CO)/C)C,502.15
3087,CCC/C=C\\C,342.05
3088,CCCC/C=C\\C,370.15
3089,CC/C(=C\\C)/C,343.55
3090,CC(C)C[C@@](C)(C#C)O,421.15
3091,CCC[C@](C)(C#C)O,410.15
3092,CC(=CCC/C(=C/CC/C(=C\\CO)/C)/C)C,647.1
3093,CCCCCCCCOCCOCCO,611.18
3094,CCCCCCCCOCCOCCOCCO,679.36
3095,CCCCCC[C@H](C)O,449.65
3096,CCCCC[C@H](C)O,431.4
3097,CCCCC[C@@H](C=C)O,447.15
3098,CCCCCCCCCCCCCCCCCCCC=C,676.76
3099,CCCCCCCCC(C=C)O,539.7
3100,CC(C)CCCC(C)CCCC(C)O,587.9
3101,CC(CC(C)O)CC(C)(C)C,516.47
3102,CCC(C)(C(C)O)O,517.57
3103,CCCC(CC(C)CC)CO,481.65
3104,CCC(C)(CCCC(C)CCCC(C)CCCC(C)C)O,744.83
3105,CC(CCCCN)C(C)(C)N,505.15
3106,CC/C(=C(/C)\\CC)/C,395.15
3107,CC/C(=C(\\C)/CC)/C,392.4
3108,CCC(C)CCN,395.15
3109,CCCCO[C@@H](CC)CO,496.8
3110,C=CCOCC(CO)(CO)CO,675.05
3111,CCC(CC)(C(C)(C)C)O,447.15
3112,CCCCC(CC(C)O)O,566.12
3113,CCC(C)C(C)C(C)C(C)C,452.15
3114,CCC#CC(C)(C)O,419.15
3115,C(CCCCCCCCCCO)CCCCCCCCCO,841.56
3116,CCCCC(C(C)CC)O,453.15
3117,CCC(C)(C)CCO,440.15
3118,CCC(C(C)C)C(C)C(C)C,450.15
3119,CCCCCCCCCNC,480.15
3120,CCCCCCC(C)C(C)O,519.7
3121,CC(C)(C)OCC(CO)O,562.87
3122,CC(CC/C=C(\\C)/CCC=C(C)C)CCO,642.62
3123,C[C@@H](CCC[C@@H](C)CCC/C(=C/CO)/C)CCCC(C)C,752.1
3124,CC/C=C\\CCO,430.15
3125,CC(=CCC/C(=C/C/C=C(\\C)/C=C)/C)C,398.15
3126,CC(=CCC/C(=C/CCC(=C)C=C)/C)C,544.12
3127,CC(=CC/C=C(\\C)/C=C)C,346.15
3128,CC/C=C/CCO,426.15
3129,CC(=CCC/C(=C/CCC(C)(C=C)O)/C)C,395.15
3130,C/C=C\\C,276.87
3131,C[C@H](CC(C)(C)O)O,470.15
3132,CCC/C=C/CCO,442.65
3133,CC(=C)CC/C=C(\\C)/C=C,354.15
3134,CC(=CC/C=C(/C)\\C=C)C,433.16
3135,C/C=C\\C=C/C,355.55
3136,C/C=C\\C(C)(C)C,349.89151
3137,C/C=C\\C(C)C,329.55
3138,CC/C=C\\C,310.05
3139,CC/C=C/C,309.45
3140,CCCCCCCCCCCC/C=C/C,546.96
3141,CC/C=C\\C/C=C/C=C/C=C,460.44
3142,CC/C=C(\\C)/CC,367.15
3143,CC(C)(/C=C/CC(C)(C=C)O)O,607.14
3144,C/C=C(/C)\\CCC=C(C)C,441.15
3145,CCCCCC/C=C/CCO,524.74
3146,CC/C=C/C(C)C,361.15
3147,CCCC(C)/C=C/C,387.15
3148,CCC/C=C/C(C)(C)C,406.45
3149,CCC/C(=C/C)/C,367.65
3150,CCC(C)/C(=C/C)/C,389.15
3151,CCCCC/C=C\\C/C=C\\CCCCCC=C,593.56
3152,CCCCCCCCCC/C=C/CC,524.08
3153,CCCCCCCCC/C=C/C,478.32
3154,CCCCCCC/C=C/CCCCCC,546.96
3155,CCCCCCC/C=C/CCCCC,524.08
3156,CC(=CCC/C(=C\\CC[C@@](C)(C=C)O)/C)C,395.15
3157,CCCCCCCC/C=C\\CCCCCCCCN,612.15
3158,CCCCC/C=C\\C,398.75
3159,CCC/C(=C\\C)/C,370.15
3160,CCC(C)/C=C/C,360.5
3161,C/C=C/CC(C)C,360.15
3162,CCC/C=C/CCC,395.55
3163,CCC/C=C/C(C)C,387.13
3164,CCC/C=C\\CC,369.15
3165,CCC/C=C/CC,369.15
3166,CC/C=C\\C(C)(C)C,378.55
3167,CC/C=C(\\C)/C(C)C,386.24
3168,CCCCCC/C=C/CCC,466.15
3169,CCCC/C=C/C(C)O,478.54
3170,CCC/C=C(\\CC)/CO,478.86
3171,CCCCCCCCC/C=C\\CC,501.2
3172,CCCCCCCC/C=C\\CCC,501.2
3173,CCCCCCCCCC/C=C\\C,501.2
3174,CCCC/C=C\\CC,396.15
3175,CCCCCC/C=C\\CC,432.56
3176,CCCC/C=C\\CCCCCCO,570.5
3177,C/C=C/CCCC=C,383.48
3178,CCCCCCCC/C=C/CC,478.32
3179,CC/C=C(\\C)/CO,440.65
3180,CC(=CCC/C(=C/C/C=C(/C)\\C=C)/C)C,551.6
3181,CCCCCCCCCCC/C=C/CCCCCCCCCC,730
3182,CC(/C=C/C=C)O,429.46
3183,CCC/C=C/CC=C,392.15
3184,C/C=C/CC/C=C/C,397.65
3185,C/C=C/CCC=C,367.15337
3186,C/C=C/CC(C)C=C,384.12498
3187,CCCCCC/C=C/CCCCC,501.2
3188,CCCCCCCCCC/C=C/C,510.65
3189,CCCCCCC/C=C/CCC,478.32
3190,CCCCCC/C=C/CCCC,478.32
3191,CCCCC/C=C/CC,409.68
3192,CCC/C=C\\CCC,395.75
3193,CCCCC/C=C/C,397.15
3194,CCCC/C=C\\CCCC,444.45
3195,CCCCCCC/C=C\\C,447.35
3196,CCCCC/C=C\\CC,409.68
3197,CCCC/C=C/CCC,418.15
3198,CCCCCC/C=C\\C,409.68
3199,CCCC/C=C\\CCC,418.15
3200,CCCCC/C=C/CCC,432.56
3201,CCCC/C=C\\CCO,478.98
3202,CCCCCCCCC/C=C\\C,478.32
3203,CCCCCC/C=C/C,420.15
3204,CCCCCCCC/C=C/CCCCCCCC,615.6
3205,C/C=C\\CCO,413.65
3206,CCCCC/C=C/CCCCC,478.32
3207,CCCCC/C=C\\CCCCC,478.32
3208,CCCCCC/C=C/CCCCCC,524.08
3209,CC(C)C/C=C/C(C)C,387.4
3210,CCCC/C=C\\CCCCCCCCO,616.26
3211,CCC/C=C(\\C)/CC,394.15
3212,CCC(C)/C=C(\\C)/CC,409.12
3213,CCC(C)C/C=C/C,386.36
3214,CC/C=C\\CO,411.15
3215,CC/C=C/CO,411.15
3216,CCCCCCC/C=C/CO,524.74
3217,CCCCCCCC/C=C/CO,547.62
3218,C/C=C(\\C)/CC(C)(C)C,434.35
3219,C/C=C/CC=C,338.15
3220,C/C=C(/C)\\C=C,350.15
3221,C/C=C\\CCC/C=C\\C,424.2
3222,CCCC/C=C/C=C/C,413.84
3223,C/C=C/C(C)CC=C,388.97729
3224,CC(=CCC/C(=C/CCC(C)(C#C)O)/C)C,629.95
3225,CCCC/C=C/C(C)C,409.24
3226,CCCC/C(=C/C)/C,394.15
3227,CCCCC(/C=C/C)O,448.15
3228,C/C=C/C(C)O,391.65
3229,CC(C)CCCC(C)CCCC(C)CCC/C(=C/CO)/C,752.1
3230,CC(=C)/C=C/CC(C)(C=C)O,514.75
3231,C/C=C/C=C/C=C,386.65
3232,CC/C=C/C=C/CO,460.26
3233,CC(=C)/C=C/C=C,357.16
3234,CCCCC/C=C/C=C/C=C,456.28
3235,CC/C=C/C(C)C=C,378.25
3236,C/C=C/C(=C/C)/C,381
3237,CCCCCCCC/C=C/CCCCCCCCO,606.15
3238,C/C=C/C=C/C=C/C,420.65
3239,C/C=C(\\C)/C=C/C=C(C)C,461.15
3240,C/C=C(/C)\\C(C)(C)C,385.45
3241,C/C=C(/C)\\C=C\\C=C(C)C,440.64
3242,C([C@@H]([C@H]([C@@H]([C@H](CO)O)O)O)O)O,888.2
3243,CCC/C=C/C=C,360.6
3244,CC(C)/C=C\\C(C)C,371.8
3245,CC/C=C/C(C)CC,385.15
3246,C/C=C/C=C/CC(C)C,422
3247,C/C=C/CC(C)(C)C,383.57
3248,CCCCCCCC/C=C/CCC,501.2
3249,C/C=C/C(C)(C)O,385.15
3250,CCC/C=C/CC(C)C,412.15
3251,CC(C)(C)/C=C/C(C)(C)C,398.25
3252,CC(=CC[C@@H](CO)C(=C)C)C,520.74
3253,CCCCC/C=C/CCCO,524.74
3254,CCCCCCCCCC/C=C\\CCCCC(C)C,638.04
3255,C(CO)/C=C/O,479.64
3256,CC(CC/C=C(\\C)/CCC=C(C)C)CO,619.74
3257,CCCCCC/C=C\\CCCCO,570.5
3258,CC(C)CCCCC(C)O,496.82
3259,CCC(C)CCCCC(C)C,453.15
3260,CC(C)CCCCCC(C)C,456.15
3261,CCCCCCCCCCCCCCCCCCCCCCCCCCCCCCCC=C,746.15
3262,C/C=C(\\C)/CO,410.15
3263,CC/C(=C/CCC(C)(C=C)O)/C,540.95
3264,CCC=C.C/C=C/C,590.15
3265,CC/C=C\\C/C=C\\C/C=C\\CCCCCCCCO,716.1
3266,CCCCCCCCCCCCCCCCCCCCN(C)C,652.15
3267,C[C@H](C[C@H](C)O)O,491.15
3268,CCCCC[C@H](C=C)O,471.06
3269,C(CO)[C@H](CO)O,567.22
3270,CCCCC[C@H](CC)O,449.98776
3271,C[C@@H](C(C)(C)C)O,393.15
3272,CCC[C@](C)(CC=C)O,468.27
3273,CCC[C@@H](C)O,393.42017
3274,CCCC(CO)CO,520.8
3275,C[C@H](CCC(C)(C)O)C(C)C,466.15
3276,CCCCCCCCCCCCCCCCOC[C@H](CO)O,840.66
3277,CCCCCCCCCCCCCCCCCCOC[C@H](CO)O,886.42
3278,CC(C)CCCCCCCCCCCO,611.66
3279,CC(C)(CCO)CO,518.01
3280,CC(C)C(C)C(C)C(C)C(C)C,468.15
3281,CCC(CC)(CC)C(CC)(CC)CC,513.46
3282,CC(C)(CCCO)O,491.65
3283,CCC(C)CCCC(C)CO,519.7
3284,CCC(C)CCCCCCO,520.14
3285,CCCCCCCCCC(C)CC(C)C,524.15
3286,CC(C)(CCCCO)O,540.89
3287,CCCCCCOCC(CO)O,611.86
3288,CCC[C@@H](CC(C)(C)C)O,447.15
3289,CCCC(C)CC(C)(CC)O,516.91
3290,CCCC(C)(CC(C)CC)O,516.91
3291,CCCCCCC[C@@H](CC)O,490.15
3292,CCCCCCCN(CC)CC,471.15
3293,CCCCCCCCNCC,475.15
3294,CCCCC/C=C\\C=C,406.36
3295,CCCCCC(C)(C)CCCC,470.15
3296,CCCC(C)C(C)C(C)CC,454.15
3297,CCCC(CC(C)CC)O,496.82
3298,CCC(C)(C(C)C)C(C)(C)C,459.15
3299,CCC(CC)(CC)C(C)(C)C,462.15
3300,CC(C)(C)C(C)(C)C(C)(C)C,467.15
3301,C#CCCCCCCCCCC#C,477.28
3302,CC[C@H](C)CCCCO,456.27755
3303,CC(C)CCCCC(C)(C)O,516.91
3304,CCC[C@@H](C)CCO,445.35
3305,CCCC(C)CCC(C)O,496.82
3306,CCCCCC(C)C(C)CC,458.15
3307,CC[C@H](C)CCCO,445.15
3308,CC=C=C=C,317.22
3309,CCCCCCCCCCC#CCCCCCC,620.44
3310,C/C=C/CCC/C=C/C,424.65
3311,CCCCCCCCCCCCCCCCCCCCCCCCCCCCCCCCC=C,974.2
3312,CCCCCCCCCCCCCCCCCCCCCCCCCCCCCCCCCC=C,762.15
3313,CCCCCCCCCCCCCCCCCCCCCCCCCCCCCCCCCCCCCC=C,790.15
3314,CCCCCCCCCCCCCC#CC,569.15
3315,CC(CC=C)CC=C,382.4
3316,CCCC(CCC)C(C)(C)C,447.15
3317,CCC(C)CCC(CC)O,496.82
3318,CCCCCC(C)CCCO,489.15
3319,CCCCC(C)C(C)C(C)C,453.15
3320,CCCCC(C)(CC)CCC,453.15
3321,CC(C)CCC(C)CC(C)C,443.15
3322,CCCCC(C)C(CC)O,496.82
3323,CCCCCC(C)CCO,497.26
3324,CCC(C)C(CC)C(C)CC,454.15
3325,CCCCCCCCCCCCCCCCCCCCCCCCCCCCCCCC(C)C,977.08
3326,CCC(C)C(C)(C(C)(C)C)O,464.89743
3327,CC(C)CC(C)(C)N,394.75
3328,CC(CC/C=C(/C)\\CCC=C(C)C)CCO,642.62
3329,CC(C)(C)CCCCCO,494.47
3330,CCCCCCCC(C)(C)CC,476.15
3331,CCCCC(C)(CC)CC(C)C,464.15
3332,CC(C)CCCCCCCCC(C)C,519.04
3333,CCC(C)CCC(CC)C(C)C,470.15
3334,CCC(C)CC(CC)CC(C)C,463.15
3335,CCCCC(CCC)C(C)C,451.15
3336,CCC(CC(C)C)C(C)(C)C,443.15
3337,CCCC(CC(C)C)C(C)(C)C,458.15
3338,CCCC#CCCC(C)C,436.96
3339,CCC(C)C(C)CC(C)(C)C,442.15
3340,CCCC(C)CC(C)(C)CC,447.15
3341,CCCC(C)(C)CC(C)(C)C,443.15
3342,CCC(C)C(C)(C)C(C)CC,458.15
3343,CC(C)C(C)CC(C)C(C)C,448.15
3344,CC(C)C(C)(C)CO,429.73095
3345,CC(C)CC(C)(C)CC(C)C,437.15
3346,CC(C)CCC(C)CCC(C)C,463
3347,CCCC(C)(CCC)CCC,451.15
3348,CCC(C)CC(C)C(C)CC,452.15
3349,CC(CC(C)(C)C)C(C)(C)C,438.275
3350,CC(C)CC(C)C(C)CC(C)C,459.4
3351,CCCCCCCCCCCCC#CC,553.15
3352,CCCCC(C)(CC)CCCC,471.15
3353,CCCCC(C)(C)CCCC,450.15
3354,CCCC(C)CCCC(C)O,519.7
3355,CCCCCCC(C)(C)CCC,472.15
3356,CCCCCC(CC)(CC)CC,478
3357,CCCCC(CC)CC(C)(C)C,460.15
3358,CCCCCCCCCCC(C)(C)C,513.15
3359,CCCC(CC)CC(C)(C)C,441.15
3360,CC(C)CCCCC(C)(C)C,443.15
3361,CCCCCC(C)CC(C)(C)C,464.15
3362,CCC(C)CC(CC)C(C)C,449.15
3363,CCCCC(CC)(CC)CC,459.9
3364,CCCCC(C)C(C)(C)CC,455.15
3365,CCCCC(C)C(C)(CC)CC,473.15
3366,CCCCC(CC)(CC)CCC,473.15
3367,CCCC(C)CCC(C)CC,455.15
3368,CCCCC(C)(C)C(C)(C)C,452.8
3369,CCC(C)C(C)C(C)(C)CC,454.15
3370,CCCC[C@@H](C)CCC,415.15
3371,CCC(C)(C)CCCC(C)(C)C,455.9
3372,CC(C)CC(C(C)C)C(C)C,443.15
3373,CCCCC(CC)C(C)(C)C,449.15
3374,CCC(C)C(C)(C)C(C)(C)C,457.15
3375,CCC(C)C(C)(C(C)C)O,452.15
3376,CC(C)C(C)C(C)(C)C(C)C,454.15
3377,CCCC(C)CCC(C)(C)C,444.15
3378,CCCC(CC(C)C)C(C)C,445.15
3379,CCCC(C)C(CC)CCC,453.15
3380,CC(C)CCC(C)(C)CC(C)C,457
3381,CCCC(C)CC(CC)CC,453.15
3382,CCCCCCCCCCC(C)C(C)C,538.15
3383,CCCCC(CC)C(CC)CC,472.15
3384,CCCC(C)C(CC)CO,466.15
3385,CC(C)CC(C)(C(C)C)O,493.59
3386,CCCC(C)(C)CCO,471.59
3387,CCCCC(CCC)C(C)(C)C,464.15
3388,CCC(C)CCC(CC)CC,455.15
3389,CC(C)CC(C)C(C)C(C)C,446.7
3390,CCCC(CC)CC(CC)CC,470.15
3391,CC(C)CCC(C)(C)C(C)C,448.15
3392,CCC(CC)CC(CC)CC,452.15
3393,CCCC(C)(C)CC(C)CC,443.15
3394,CCCC(CCC)(C(C)C)O,462.15
3395,CCCCCCCCCCCC#CCC,544.15
3396,CCC(CC)C(C)(CC)CC,459.15
3397,CCC(CC)CCCCO,497.26
3398,CCC(CC)N(C)C,389.65
3399,CCC(C)C(CC)CC(C)C,448.15
3400,CC(C)(C)CC(C)(C)C(C)(C)C,468.15
3401,CC(C)C(CC(C)(C)C)O,493.59
3402,CC(C(C)O)C(C)(C)C,432.40963
3403,CCC(C)(C)N(C)C,391.15
3404,CCC(C)(CC(C)(C)C)O,491.24
3405,CCC(C)C(C)C(C)(C)O,493.59
3406,CCCC(C)CC(C)CCC,452.15
3407,CCC(C)(C)C(C)(C)C(C)C,460.15
3408,CCC(CC)(C(C)C)C(C)(C)C,479.15
3409,CCC(C)C(CC)(CC)C(C)C,473.15
3410,CCC(CC)(C(C)C)C(C)C,462.15
3411,CCCCC(CC)(CC)C(C)C,476.15
3412,CCCC(CC)(CC)C(C)C,459.15
3413,CCC(C(C)C)C(C)(C)CC,451.15
3414,CCCC(C(C)C)C(C)CC,450.15
3415,CCC(C)CC(CC)CO,468.15
3416,CC(C)CC(C)(C)C(C)(C)C,446.17573
3417,CCC(C)(CC)CC(C)(C)C,451.15
3418,CCC(C)CCC(C)(C)CC,450.15
3419,CCCC(C)C(C)CC(C)C,449.15
3420,CCCCC#CC(C)(C)CC,457.05
3421,CCCCCCCCCC(CCCCCCCC)N(C(CCCCCCCC)CCCCCCCCC)C(CCCCCCCC)CCCCCCCCC,1446.24
3422,CC(C)CC(CC(C)C)CO,477.15
3423,CCCC(C)(CCC)CC(C)C,462.15
3424,CCCCCCCCCCC(C)CC(C)C,521
3425,CCCC(C)C(CC(C)C)O,519.26
3426,CCCC(CC(C)C)C(C)CC,463.15
3427,CCCC(C)(C)CCCC(C)C,463.15
3428,CCCC(CC(C)C)CC(C)C,457.75
3429,CCCCC(C)(C)CCC(C)C,463.15
3430,CCCC(C)(C)CCC(C)C,445.15
3431,CCCC(CCC)CC(C)C,447.15
3432,CCCC(CCC)CCC(C)C,462
3433,CCCC(C)(C)C(C)(C)CC,457.15
3434,CCCC(C)(CCC)C(C)CC,471.15
3435,CCCC(C(C)CC)C(C)CC,469.15
3436,CCCC(CCC)C(C)(C)CC,469.15
3437,CCCCC(C)(C)C(C)CC,454.15
3438,CCC(C)(C(C)C(C)(C)C)O,467.8
3439,CCCC(CCC)C(C)CC,452.15
3440,CCCC(C)C(C)(C)CCC,453.15
3441,CCCCCC(C)(C)CCC,451.15
3442,CC(C)CCC(C)(C)C(C)(C)C,466.15
3443,CCC(C)(C)C(C)C(C)(C)C,459.15
3444,CC(C)C(C)C(C)C(C)(C)C,447.15
3445,CCCC(C)C(C)C(C)(C)C,449.15
3446,CC(C)C(C)(C)CCC(C)(C)C,459.15
3447,CCCC(C)(C)CCC(C)(C)C,457.15
3448,CC(C)C(C)CCC(C)(C)C,442.15
3449,CCC(C)C(CC(C)(C)C)O,516.47
3450,CCCC(CCC)C(C)C(C)C,467.15
3451,CCCCCCCCCCCC(C)C(C)C,555.15
3452,CCC(C)(C)C(C)(C)CC(C)C,469.15
3453,CCC(C)(C)CC(C)(C)O,491.24
3454,CCCCC(C)(C)CC(C)C,444.15
3455,CCCCC(C)C(CCC)O,519.7
3456,CC[C@@H](CC(C)(C)C)O,426.15
3457,CC/C(=C/C(=C/C)/C)/C,413.15
3458,CCC(C)(C)[C@@H](C(C)(C)C)O,460.65
3459,CC[C@@H](CO)C(C)(C)C,471.15
3460,C[C@@H](C(C)(C)C(C)C)O,437.9
3461,CCCCCCCCCCCCC[C@@H](C)CO,657.42
